request_id,tier,context_tokens,output_tokens,arrival_ms,queue_delay_ms,ttft_ms,total_latency_ms,tokens_per_sec
6,enterprise,2548,73,193.69,55.54,89.94,3590.31,20.33
19,enterprise,1636,72,1111.99,4.33,51.44,3959.78,18.18
3,enterprise,3885,107,72.18,0.00,45.85,5139.85,20.82
13,enterprise,593,67,782.11,7.36,50.16,4619.27,14.50
31,enterprise,3938,99,1636.64,16.19,75.41,8521.32,11.62
103,free,2982,66,5117.01,13.53,81.12,5791.92,11.40
30,enterprise,2839,110,1624.48,28.35,87.57,9528.52,11.54
57,pro,3441,95,2819.41,10.76,91.04,8510.24,11.16
77,enterprise,2586,87,3793.49,258.87,326.18,8169.44,10.65
100,enterprise,1435,77,5070.52,48.39,141.51,7165.80,10.75
61,pro,1757,100,3056.72,255.25,342.19,9218.66,10.85
86,enterprise,2530,90,4235.67,24.46,103.33,8269.04,10.88
79,enterprise,2315,94,4031.72,20.64,87.95,8560.41,10.98
22,enterprise,2100,161,1276.41,12.81,46.59,11619.98,13.86
75,enterprise,3924,109,3757.74,28.87,96.84,9410.05,11.58
7,enterprise,2356,190,223.65,114.69,152.60,13032.06,14.58
9,enterprise,1044,167,473.25,85.72,124.11,13319.18,12.54
12,enterprise,1676,163,642.86,146.60,189.40,13315.15,12.24
95,enterprise,3636,108,4668.82,0.73,90.58,9805.43,11.01
115,enterprise,1352,95,5946.55,3.00,84.95,8597.94,11.05
56,enterprise,3502,142,2817.41,12.75,93.03,12438.14,11.42
44,enterprise,2820,171,2098.07,71.71,129.23,13586.21,12.59
60,enterprise,3609,156,2952.28,3.59,48.18,13020.98,11.98
120,enterprise,2034,109,6243.54,115.86,207.58,9904.41,11.01
48,enterprise,1684,181,2204.16,8.09,54.53,14521.99,12.46
25,enterprise,3086,208,1392.88,6.20,57.51,16233.07,12.81
15,enterprise,3080,220,934.81,4.22,48.53,16863.24,13.05
17,enterprise,2097,216,1052.02,64.31,111.41,16746.04,12.90
27,enterprise,714,196,1586.47,17.88,66.36,16508.23,11.87
52,enterprise,3887,193,2535.58,262.01,301.57,16111.41,11.98
36,enterprise,1295,220,1718.60,10.51,50.72,17193.50,12.80
67,enterprise,3976,181,3533.67,2.74,54.26,15506.06,11.67
14,enterprise,3203,237,812.29,126.74,171.05,18375.89,12.90
1,enterprise,957,261,25.58,0.00,16.57,19313.09,13.51
2,enterprise,3420,271,49.73,0.00,41.20,19339.27,14.01
10,pro,3594,242,541.22,17.74,56.13,19179.47,12.62
81,enterprise,910,181,4074.78,112.21,185.35,15799.61,11.46
97,enterprise,855,171,4915.14,96.29,156.63,14988.18,11.41
131,enterprise,1840,151,6763.69,12.00,103.63,13373.65,11.29
82,enterprise,2525,193,4105.57,81.42,154.56,16663.02,11.58
24,enterprise,1557,249,1392.19,6.89,58.20,19507.19,12.76
101,enterprise,3481,182,5074.64,55.90,123.49,15824.74,11.50
130,enterprise,1166,162,6735.31,40.38,132.01,14235.95,11.38
55,enterprise,4011,217,2799.64,30.52,110.80,18251.81,11.89
8,pro,3932,261,335.22,223.74,262.13,20787.43,12.56
85,enterprise,1949,197,4226.58,33.54,112.42,16904.20,11.65
39,enterprise,3542,233,1825.12,5.39,72.09,19365.86,12.03
73,enterprise,3608,210,3628.86,10.61,69.56,17713.64,11.86
87,enterprise,575,202,4302.61,28.06,101.54,17091.72,11.82
70,pro,3904,220,3591.94,10.97,72.19,18334.46,12.00
49,enterprise,573,243,2405.40,85.66,138.51,19667.63,12.36
126,enterprise,1990,183,6426.37,176.64,262.97,15883.35,11.52
5,enterprise,2336,310,140.83,68.92,109.04,22356.71,13.87
46,pro,3488,262,2186.01,26.24,72.68,20825.17,12.58
105,enterprise,3290,216,5167.16,98.57,173.25,18241.94,11.84
21,enterprise,756,297,1264.36,24.85,58.63,22443.47,13.23
106,enterprise,538,229,5218.67,47.05,121.73,19051.85,12.02
47,enterprise,757,282,2192.21,20.03,66.48,22200.75,12.70
74,enterprise,2529,255,3673.63,112.98,180.95,20921.59,12.19
121,enterprise,524,221,6302.87,56.52,148.24,18357.71,12.04
114,enterprise,3048,227,5945.63,3.92,85.87,18779.50,12.09
107,enterprise,745,240,5232.24,33.49,108.17,19756.07,12.15
4,pro,2128,337,134.48,7.30,31.76,24876.67,13.55
125,enterprise,1906,231,6380.67,100.94,193.56,18692.58,12.36
28,enterprise,2551,297,1594.77,9.58,58.06,23544.54,12.61
26,enterprise,2770,300,1519.00,85.35,133.83,23805.69,12.60
68,enterprise,3252,273,3554.98,47.93,109.15,22004.39,12.41
50,enterprise,2167,296,2406.49,84.58,137.42,23281.86,12.71
58,enterprise,1483,291,2910.27,45.60,90.20,22806.91,12.76
119,enterprise,819,254,6207.60,148.46,240.99,19889.00,12.77
32,enterprise,1581,317,1642.53,10.30,69.52,24755.00,12.81
11,enterprise,3444,344,602.17,187.29,230.09,26225.73,13.12
92,enterprise,3112,282,4413.45,4.45,88.32,22435.37,12.57
99,enterprise,1045,283,5043.29,75.61,168.73,22348.94,12.66
65,enterprise,3224,309,3460.15,76.26,127.78,24177.56,12.78
64,enterprise,592,316,3309.32,2.66,89.60,24416.82,12.94
78,enterprise,3997,302,3969.34,83.01,150.32,23791.12,12.69
72,enterprise,1674,317,3625.77,13.71,72.66,24609.92,12.88
63,enterprise,1150,328,3298.80,13.18,100.12,25150.29,13.04
0,enterprise,2524,400,23.34,0.00,32.24,28444.14,14.06
109,enterprise,1634,289,5277.23,361.99,442.26,23190.26,12.46
33,enterprise,2323,357,1650.30,2.53,61.75,27167.97,13.14
34,enterprise,1079,374,1663.97,65.14,105.34,27922.28,13.39
88,pro,2721,324,4318.51,12.17,85.65,25267.75,12.82
35,enterprise,3537,377,1717.32,11.79,52.00,28064.37,13.43
113,enterprise,1742,305,5933.29,16.26,98.21,23848.41,12.79
83,enterprise,4062,345,4185.72,1.27,74.40,26242.93,13.15
53,enterprise,1073,379,2688.73,108.87,148.42,28095.52,13.49
122,enterprise,1024,318,6321.47,37.92,129.64,24615.92,12.92
90,enterprise,1047,351,4330.80,87.09,170.97,26633.84,13.18
124,enterprise,4034,319,6348.58,10.82,102.54,24652.86,12.94
89,enterprise,2300,347,4324.46,6.21,79.69,26738.69,12.98
91,enterprise,849,355,4391.63,26.27,110.14,26816.98,13.24
69,enterprise,2543,369,3584.53,18.38,79.60,28167.47,13.10
38,enterprise,2214,402,1805.07,25.44,92.14,29968.88,13.41
76,enterprise,1668,371,3784.36,2.25,70.22,28280.07,13.12
45,enterprise,515,410,2163.88,5.90,63.41,30164.92,13.59
108,enterprise,3136,364,5242.86,22.87,97.55,27587.86,13.19
96,enterprise,2933,370,4812.86,198.56,258.91,28143.53,13.15
20,enterprise,700,454,1235.08,54.14,87.92,32603.70,13.92
94,enterprise,2930,403,4648.94,20.61,110.46,29768.81,13.54
123,enterprise,2990,373,6347.41,11.98,103.70,28078.91,13.28
141,enterprise,1057,110,7265.03,20495.43,20554.80,27215.20,4.04
84,pro,2717,411,4222.69,37.44,116.31,30385.31,13.53
51,free,3587,440,2474.73,16.34,69.18,32475.87,13.55
142,enterprise,1418,111,7276.21,20959.48,21018.57,27767.91,4.00
16,enterprise,3252,485,937.94,1.09,45.40,34516.53,14.05
18,enterprise,2474,481,1082.25,34.08,81.18,34372.22,13.99
23,enterprise,1169,484,1372.14,26.94,78.25,34626.83,13.98
37,enterprise,3674,471,1796.42,34.09,100.79,34290.99,13.74
128,free,2902,401,6578.65,24.36,110.70,29604.17,13.55
98,enterprise,1186,423,5010.95,0.47,60.82,31232.76,13.54
93,enterprise,742,433,4647.82,21.73,111.58,31648.18,13.68
62,enterprise,2595,457,3112.62,199.35,286.30,33338.69,13.71
80,enterprise,2027,445,4042.20,10.16,77.47,32507.79,13.69
42,enterprise,3437,477,2029.22,1.42,74.05,34600.46,13.79
43,enterprise,4081,487,2071.16,98.63,156.14,35042.22,13.90
148,enterprise,3683,115,7636.78,22144.91,22209.03,29477.42,3.90
41,enterprise,2588,487,1982.15,48.49,121.12,35233.37,13.82
102,enterprise,626,438,5097.94,32.61,100.19,32194.72,13.60
111,enterprise,1347,431,5596.44,42.78,123.04,31696.22,13.60
146,enterprise,1963,121,7607.51,21978.74,22043.88,29692.81,4.08
129,enterprise,1677,422,6637.67,138.02,229.65,30963.04,13.63
29,enterprise,1230,503,1614.45,38.38,97.60,36173.97,13.91
54,enterprise,964,495,2783.42,14.17,53.73,35299.57,14.02
118,enterprise,1925,457,6153.08,20.96,111.97,32216.67,14.19
40,enterprise,888,510,1860.52,170.12,242.75,36683.03,13.90
59,enterprise,1490,501,2916.32,39.54,84.14,35811.91,13.99
127,enterprise,1992,444,6446.32,156.69,243.02,32370.47,13.72
104,enterprise,3949,472,5122.44,8.10,75.69,34244.18,13.78
163,enterprise,3921,92,8144.29,25694.48,25759.72,31490.28,2.92
66,enterprise,796,506,3522.67,13.74,65.27,36372.80,13.91
158,enterprise,3179,136,7920.23,23853.72,23915.90,32066.30,4.24
112,enterprise,3612,467,5775.98,173.57,255.52,34220.64,13.65
71,enterprise,4053,511,3608.75,30.73,89.68,36739.24,13.91
175,enterprise,3465,68,9193.51,27050.20,27112.25,31177.89,2.18
116,enterprise,2186,498,5950.69,223.36,314.36,34794.83,14.31
117,enterprise,577,503,6134.67,39.37,130.37,34904.15,14.41
110,enterprise,2921,499,5412.05,227.17,307.44,35960.74,13.88
140,enterprise,1271,226,7184.48,20541.67,20601.86,34217.94,6.60
133,enterprise,3917,253,6957.99,18601.38,18665.87,34573.69,7.32
150,enterprise,4057,193,7688.61,22740.05,22799.29,34982.44,5.52
179,pro,2414,123,9469.77,27159.91,27218.45,34425.37,3.57
191,enterprise,2285,82,9845.16,28883.07,28947.83,34152.78,2.40
162,enterprise,2348,187,8124.71,24831.68,24893.94,36110.66,5.18
170,enterprise,647,151,8889.49,26564.98,26625.44,35582.25,4.24
151,enterprise,2765,218,7696.85,23087.40,23147.52,36943.28,5.90
186,enterprise,607,119,9661.78,27938.94,27999.65,34990.66,3.40
152,enterprise,942,237,7722.68,23214.71,23278.76,37784.69,6.27
171,enterprise,2530,208,8905.46,26549.01,26609.47,39076.89,5.32
200,enterprise,2988,127,10064.15,30681.36,30740.01,38377.59,3.31
165,enterprise,3627,234,8555.92,25870.40,25935.90,40103.20,5.83
132,enterprise,2556,398,6809.75,17915.38,17979.49,42615.90,9.34
190,enterprise,833,184,9786.84,28756.70,28814.30,39790.40,4.62
181,enterprise,948,211,9494.20,27620.00,27682.03,40282.64,5.24
164,enterprise,2214,245,8434.18,25983.57,26046.05,41582.31,5.89
196,enterprise,4073,169,9971.35,30015.18,30073.50,40222.05,4.20
182,enterprise,843,224,9542.23,27673.29,27730.53,41080.19,5.45
197,enterprise,1741,185,9978.60,30018.02,30076.94,41031.58,4.51
183,enterprise,1868,228,9599.40,27693.26,27754.85,41445.45,5.50
173,enterprise,564,253,9061.96,27025.44,27086.07,42180.95,6.00
176,enterprise,2428,234,9257.19,27038.82,27102.30,41985.90,5.57
205,enterprise,1644,139,10376.64,32294.40,32357.49,41121.51,3.38
139,enterprise,3500,390,7086.19,20551.52,20612.89,45111.65,8.65
135,pro,2223,447,6974.55,19122.04,19182.21,46257.34,9.66
168,enterprise,654,303,8651.18,26299.42,26362.89,44588.37,6.80
207,enterprise,3772,147,10401.87,33596.08,33660.25,42911.68,3.43
189,enterprise,1957,249,9745.14,28624.61,28682.53,43670.57,5.70
153,enterprise,2717,362,7743.76,23220.89,23281.86,46181.48,7.84
147,enterprise,2320,398,7629.59,21956.66,22021.80,46295.76,8.60
180,enterprise,656,278,9480.94,27632.44,27692.19,44477.94,6.25
213,enterprise,1242,110,10606.55,37375.80,37436.80,44166.79,2.49
211,enterprise,2563,166,10475.40,34177.04,34238.44,44422.59,3.74
138,enterprise,2807,440,7073.82,20318.41,20379.77,47956.10,9.18
136,enterprise,3874,483,6978.27,19419.26,19480.71,48811.59,9.90
159,enterprise,3190,390,7958.73,24105.70,24168.93,47887.32,8.14
210,enterprise,675,179,10474.39,34165.74,34228.57,45419.60,3.94
160,enterprise,1101,386,7979.45,24349.35,24412.05,47928.42,8.05
193,enterprise,1033,275,9856.54,29510.08,29569.10,46242.22,5.95
156,enterprise,3858,394,7874.12,23334.49,23397.16,48273.75,8.16
149,enterprise,606,432,7675.47,22106.22,22170.34,48532.71,8.90
177,enterprise,1070,329,9366.03,27085.28,27144.73,46985.07,7.00
134,enterprise,2724,500,6974.25,18714.10,18778.77,49534.43,10.09
137,enterprise,1055,498,6987.78,19840.11,19899.92,50177.64,9.92
145,pro,2322,470,7588.51,21229.76,21291.10,49895.18,9.42
199,enterprise,2941,281,10039.22,30332.18,30391.01,47527.42,5.91
204,enterprise,3903,267,10370.09,31161.59,31220.60,47225.19,5.65
143,pro,3391,482,7477.30,20971.79,21033.29,50380.90,9.57
161,enterprise,3579,422,7991.03,24839.68,24902.52,50715.84,8.32
155,enterprise,4005,455,7785.86,23277.29,23339.87,50975.35,8.93
201,enterprise,4089,292,10150.91,30887.92,30948.49,48827.19,5.98
144,pro,1109,498,7504.61,20962.87,21024.84,51572.66,9.66
216,pro,2109,161,10745.73,38679.92,38738.43,48364.67,3.33
178,enterprise,2852,360,9432.06,27117.93,27181.69,49865.28,7.22
169,enterprise,1779,393,8656.62,26387.50,26450.00,51186.45,7.68
224,enterprise,652,144,10995.31,40247.61,40309.61,49220.28,2.93
237,enterprise,3547,89,11733.95,43295.98,43357.63,48777.54,1.82
243,enterprise,1069,75,12140.16,44007.71,44069.22,48611.84,1.54
185,pro,777,392,9627.94,27672.39,27733.63,51146.22,7.66
225,enterprise,1211,157,11230.18,40012.91,40076.66,49703.72,3.16
157,enterprise,2564,487,7890.92,23861.08,23923.55,53350.43,9.13
167,enterprise,530,426,8619.45,25988.55,26050.82,52800.94,8.07
212,enterprise,2262,269,10493.74,35013.63,35073.99,51102.13,5.26
232,enterprise,3180,125,11475.14,42450.09,42511.38,50132.91,2.49
188,enterprise,2224,376,9694.64,28388.36,28452.83,52038.43,7.23
248,pro,727,69,12362.38,45121.31,45183.71,49435.71,1.40
154,enterprise,598,510,7768.02,23233.42,23295.13,54121.16,9.42
235,enterprise,716,136,11695.10,43078.23,43140.55,51560.89,2.64
184,enterprise,3873,426,9609.31,27683.35,27744.94,53770.83,7.92
236,enterprise,3848,141,11704.17,43193.82,43256.86,51975.55,2.71
195,enterprise,779,387,9880.61,30014.86,30079.48,54285.87,7.13
241,enterprise,2157,134,12038.82,43869.05,43932.67,52170.52,2.57
194,enterprise,1924,419,9860.75,29773.82,29834.13,54803.01,7.65
250,enterprise,555,123,12475.05,45120.22,45178.43,52372.06,2.35
260,enterprise,2496,82,13100.45,47411.04,47471.15,52502.34,1.56
198,enterprise,4035,404,10024.04,30323.95,30388.30,55641.70,7.26
203,enterprise,1440,393,10236.62,31165.80,31226.40,55505.91,7.08
192,enterprise,2666,443,9856.36,28960.43,29021.48,56009.73,7.91
187,enterprise,2923,462,9674.52,28113.89,28171.98,56522.28,8.17
206,enterprise,1326,360,10388.79,33506.36,33566.61,55873.00,6.44
172,enterprise,2812,497,9057.35,26941.62,27002.90,57286.82,8.68
174,enterprise,2631,494,9094.57,27088.25,27149.14,57249.60,8.63
269,enterprise,612,72,13542.31,48255.79,48319.10,52850.01,1.36
166,enterprise,3378,508,8600.45,25879.79,25943.66,57818.74,8.79
268,enterprise,2092,85,13489.09,48243.98,48306.19,53553.90,1.59
222,pro,3898,268,10947.69,40062.49,40122.56,56168.10,4.77
265,enterprise,3661,92,13328.15,48092.23,48154.78,53838.76,1.71
227,enterprise,1060,243,11317.96,40879.87,40941.77,55909.39,4.35
233,enterprise,1762,231,11509.33,42416.02,42477.82,56267.23,4.11
228,enterprise,979,247,11359.91,41871.98,41933.25,57518.27,4.29
217,enterprise,3748,316,10797.44,38779.80,38841.37,58739.31,5.38
230,enterprise,2391,264,11433.95,41879.59,41940.72,58169.26,4.54
281,free,3765,72,13943.60,51922.49,51982.21,56169.84,1.28
244,enterprise,541,234,12184.68,44023.51,44083.59,58050.09,4.03
219,enterprise,3718,331,10859.75,39156.74,39221.21,59655.37,5.55
209,enterprise,2565,429,10457.26,34014.48,34074.70,60248.68,7.12
202,enterprise,2116,483,10180.52,31192.27,31250.45,60584.16,7.97
220,enterprise,3583,325,10861.65,39331.75,39393.01,59904.46,5.43
266,free,1768,155,13440.48,48155.39,48214.03,57613.31,2.69
274,enterprise,755,113,13628.00,50538.47,50600.81,57489.51,1.97
208,enterprise,3187,450,10436.54,33798.83,33857.91,61249.35,7.35
290,enterprise,1289,76,14423.99,52742.93,52803.37,57362.98,1.32
214,enterprise,991,373,10734.51,37707.23,37766.90,61229.60,6.09
215,enterprise,706,395,10736.27,37922.85,37981.76,61796.76,6.39
288,enterprise,1417,94,14347.01,52695.98,52757.94,58422.95,1.61
280,enterprise,3322,111,13837.21,51905.32,51970.18,59098.95,1.88
272,enterprise,793,164,13589.34,49790.80,49850.70,59388.82,2.76
247,enterprise,3028,282,12329.68,44835.75,44899.38,62824.77,4.49
276,enterprise,3230,179,13727.92,50935.84,50996.95,62160.76,2.88
218,enterprise,1263,434,10803.75,38973.09,39031.72,65467.51,6.63
223,pro,2521,419,10993.17,40051.67,40113.44,65300.28,6.42
267,enterprise,3187,239,13441.43,48166.62,48229.13,62895.74,3.80
226,enterprise,1409,411,11269.12,40229.03,40292.59,65559.68,6.27
257,enterprise,943,293,12874.76,46422.58,46483.18,64447.02,4.55
252,enterprise,1228,316,12536.19,46170.68,46232.39,64852.48,4.87
282,enterprise,3466,179,13961.97,52234.83,52299.81,63700.25,2.81
299,free,2081,123,14942.47,55763.47,55822.20,62852.45,1.96
258,enterprise,2218,298,12949.71,46893.36,46954.08,65234.53,4.57
271,enterprise,1283,260,13568.81,49687.18,49749.25,64874.41,4.01
249,enterprise,2135,357,12400.29,45166.35,45229.61,66343.23,5.38
273,enterprise,2170,271,13619.85,50059.86,50118.67,65901.38,4.11
307,enterprise,848,116,15258.53,57274.50,57338.78,64716.28,1.79
263,enterprise,1561,313,13275.96,47657.94,47718.72,66915.30,4.68
245,enterprise,1674,382,12211.99,44139.11,44201.69,68326.16,5.59
264,enterprise,4036,311,13313.93,47927.43,47986.49,67376.55,4.62
315,enterprise,2817,73,15610.05,60727.12,60788.54,65205.28,1.12
270,enterprise,3345,302,13563.36,48325.83,48385.92,67255.46,4.49
234,pro,1494,449,11533.17,42425.70,42488.30,69299.88,6.48
279,enterprise,4071,248,13820.38,51845.36,51908.09,67056.16,3.70
229,enterprise,3921,448,11412.05,41827.50,41889.79,69470.12,6.45
240,enterprise,3509,415,12029.01,43864.98,43928.44,69385.05,5.98
246,enterprise,3466,404,12265.24,44243.44,44303.72,69184.67,5.84
295,enterprise,2022,197,14674.39,54928.82,54989.54,66978.18,2.94
221,enterprise,2147,494,10947.36,39675.06,39737.07,70824.80,6.97
298,enterprise,2963,186,14877.66,55637.46,55697.66,67016.25,2.78
231,enterprise,3804,454,11459.20,41956.52,42018.81,70618.86,6.43
286,enterprise,610,250,14235.36,52156.95,52222.19,67964.72,3.68
238,enterprise,3792,420,11748.30,44041.56,44103.87,70574.33,5.95
311,enterprise,1614,118,15484.35,59670.10,59732.60,66956.71,1.76
239,enterprise,720,446,11907.06,43938.99,43999.32,71503.22,6.24
283,enterprise,2106,279,14092.65,52169.14,52234.40,69714.09,4.00
254,enterprise,3529,395,12757.29,46220.82,46282.60,71109.65,5.55
285,pro,3363,301,14217.55,52126.62,52185.20,69790.57,4.31
262,enterprise,2520,374,13149.62,47624.54,47682.90,71039.37,5.26
320,pro,3502,109,15811.73,61983.19,62042.07,68497.24,1.59
253,enterprise,4095,417,12629.98,46131.23,46189.41,72067.37,5.79
242,enterprise,1403,480,12081.78,44016.98,44080.69,72643.33,6.61
304,enterprise,1101,224,15111.75,56574.14,56630.21,69733.40,3.21
287,enterprise,3058,302,14341.33,52077.85,52140.19,70525.89,4.28
305,enterprise,2073,228,15127.14,56659.83,56721.19,70586.27,3.23
303,enterprise,1691,259,15055.92,56061.59,56122.40,71856.36,3.60
251,enterprise,3360,481,12505.17,45353.03,45415.17,75442.19,6.38
323,enterprise,1973,155,15938.49,62805.03,62864.79,72122.82,2.15
291,enterprise,1750,343,14460.65,52766.71,52827.44,73670.00,4.66
309,enterprise,754,254,15418.53,57517.64,57580.85,73063.36,3.48
301,enterprise,963,289,15020.42,55745.70,55808.66,73522.30,3.93
255,pro,565,497,12760.35,46316.92,46378.03,75843.31,6.55
261,enterprise,1900,457,13140.64,47611.35,47671.98,75596.25,6.05
312,enterprise,1712,207,15524.79,60363.89,60427.63,73539.35,2.81
333,enterprise,3850,129,16197.30,64684.88,64747.92,72866.85,1.77
259,enterprise,2717,465,13079.19,47136.40,47199.58,76195.16,6.10
352,enterprise,2475,74,16822.35,68044.88,68105.25,72522.69,1.02
341,enterprise,873,119,16501.44,65821.19,65880.39,72954.02,1.63
296,enterprise,3812,330,14698.77,55414.68,55473.88,74950.89,4.40
350,enterprise,2715,93,16788.95,67936.16,67996.17,73599.28,1.26
256,enterprise,665,503,12802.29,46308.12,46365.35,77731.64,6.47
330,enterprise,2319,155,16128.52,64690.30,64753.65,74534.72,2.08
275,enterprise,2509,447,13632.26,50577.09,50636.12,77060.63,5.80
308,enterprise,1026,297,15407.89,57362.07,57423.29,75430.42,3.94
338,enterprise,3280,153,16297.63,65596.27,65656.71,74840.08,2.04
277,enterprise,677,417,13741.10,51106.01,51167.15,77513.37,5.38
321,pro,884,217,15844.97,62339.27,62399.93,75469.72,2.88
284,enterprise,1112,422,14111.51,52232.65,52291.23,77239.37,5.46
278,enterprise,3193,424,13767.99,51834.79,51897.75,77665.21,5.46
332,pro,1867,175,16165.53,64711.01,64770.69,75267.67,2.33
331,enterprise,1789,178,16140.10,64692.95,64752.60,75448.35,2.36
345,enterprise,3063,132,16663.51,67203.42,67263.10,75208.05,1.76
339,enterprise,3929,164,16301.45,65776.61,65837.61,75692.72,2.17
335,enterprise,3799,166,16235.06,65214.85,65277.94,75806.78,2.19
310,enterprise,3481,323,15431.06,57547.09,57604.97,76812.87,4.21
336,enterprise,3286,180,16253.03,65399.54,65459.86,76230.29,2.36
316,enterprise,1964,260,15759.82,61068.98,61130.57,76782.32,3.39
317,pro,1029,258,15780.93,61540.86,61602.40,77111.03,3.35
326,enterprise,4072,212,16048.60,64142.65,64205.02,76902.55,2.76
319,enterprise,542,257,15804.29,61857.93,61918.89,77433.20,3.32
343,enterprise,3471,159,16577.90,66832.37,66897.21,77023.14,2.06
364,enterprise,2105,79,17360.17,71914.17,71974.53,76706.46,1.03
302,pro,3737,364,15042.79,56010.99,56075.20,79330.70,4.59
306,enterprise,3894,373,15204.02,56760.09,56824.82,79576.25,4.69
327,enterprise,2337,244,16073.08,64465.07,64526.67,79167.02,3.08
344,enterprise,3508,191,16609.47,67197.27,67257.47,78688.89,2.43
368,enterprise,1688,86,17565.50,72822.73,72883.64,77940.45,1.10
314,enterprise,1500,330,15600.14,60693.31,60750.87,80447.72,4.10
328,enterprise,2820,245,16088.95,64601.53,64665.69,80280.44,3.05
292,enterprise,3800,452,14578.88,53197.69,53258.95,82046.08,5.51
337,enterprise,1607,250,16253.31,65518.85,65580.01,80483.76,3.11
300,enterprise,610,441,14953.44,55811.23,55868.73,82014.36,5.38
325,enterprise,2342,266,15978.04,63996.76,64061.78,81018.38,3.28
351,enterprise,1955,212,16801.50,68043.64,68104.06,80843.45,2.62
324,enterprise,1847,303,15958.67,63562.57,63622.09,81810.91,3.70
294,enterprise,1985,466,14663.43,54873.33,54937.94,83312.49,5.59
376,enterprise,736,115,17916.57,73434.31,73493.68,80352.64,1.43
373,enterprise,1944,131,17738.10,73399.61,73458.60,81131.24,1.61
367,enterprise,3939,153,17531.77,72117.89,72179.38,81364.87,1.88
334,enterprise,3662,293,16230.97,65183.09,65242.70,82698.33,3.54
318,enterprise,1964,365,15781.10,61607.57,61665.57,83614.88,4.37
289,enterprise,1790,512,14380.50,52735.29,52795.31,85238.47,6.01
293,enterprise,1546,511,14637.67,54240.51,54306.32,85407.60,5.98
297,enterprise,2825,472,14772.81,55461.95,55524.89,85513.67,5.52
329,enterprise,882,341,16124.01,64691.33,64752.53,85085.73,4.01
313,pro,1334,397,15548.58,60722.67,60786.24,85897.55,4.62
379,enterprise,2161,173,18000.83,73587.63,73647.16,84120.38,2.06
384,enterprise,4084,169,18455.62,74027.70,74086.52,84097.90,2.01
386,enterprise,2659,163,18560.00,74331.95,74391.15,84053.18,1.94
346,enterprise,3623,307,16717.52,67290.60,67350.75,85962.66,3.57
359,enterprise,1386,242,17086.79,71455.92,71516.84,85859.68,2.82
400,enterprise,1210,99,19241.01,77726.79,77788.30,83874.73,1.18
377,enterprise,3504,201,17925.70,73507.50,73565.75,85458.13,2.35
375,enterprise,1483,206,17817.08,73497.61,73556.86,85745.14,2.40
348,enterprise,2359,330,16775.02,67533.96,67593.38,87649.53,3.76
363,pro,2958,256,17254.47,71809.67,71873.47,87849.56,2.91
362,enterprise,3191,259,17137.97,71926.18,71989.97,88148.73,2.94
381,enterprise,547,229,18058.98,73935.19,73994.30,87516.08,2.62
395,enterprise,2705,168,18994.14,76511.81,76571.98,86924.47,1.93
387,enterprise,3455,218,18571.67,74379.48,74438.17,87424.48,2.49
389,enterprise,2389,203,18774.87,74826.17,74890.48,87365.31,2.32
374,enterprise,800,241,17781.42,73473.05,73538.61,88482.62,2.72
340,enterprise,1258,407,16490.17,65709.91,65771.18,90079.72,4.52
371,enterprise,1043,263,17701.51,72991.38,73051.15,89074.07,2.95
416,enterprise,1787,76,20208.73,82344.79,82404.44,86923.79,0.87
353,enterprise,1232,359,16863.85,68849.56,68909.41,90329.74,3.97
380,enterprise,1836,258,18027.31,73844.25,73905.55,89238.04,2.89
393,enterprise,3738,203,18962.46,76277.65,76335.89,88431.44,2.30
396,enterprise,3428,199,19002.87,77044.98,77106.24,89406.41,2.23
322,enterprise,3210,498,15927.34,62515.88,62575.92,92859.42,5.36
419,enterprise,3967,97,20300.26,82646.20,82707.12,88666.29,1.09
407,enterprise,3424,180,19662.58,79234.07,79296.45,90435.76,1.99
357,enterprise,1384,368,16977.69,71152.96,71213.54,93274.11,3.95
408,enterprise,3709,192,19705.19,79224.12,79283.95,90928.38,2.11
431,enterprise,3124,71,20818.38,85751.51,85814.69,90188.96,0.79
347,enterprise,577,427,16730.54,67458.45,67521.96,94278.18,4.53
366,enterprise,3184,368,17519.90,71935.56,71997.32,94164.13,3.91
390,enterprise,2369,293,18828.00,75238.63,75298.05,92916.38,3.15
398,enterprise,1001,249,19055.62,77569.35,77631.23,92973.17,2.68
342,pro,1799,505,16509.72,65931.34,65990.61,96386.49,5.24
439,enterprise,1897,64,21300.85,87665.70,87727.38,91595.35,0.70
421,enterprise,3866,156,20408.97,82974.86,83034.32,92647.41,1.68
401,enterprise,742,260,19335.26,77661.16,77721.94,93782.33,2.77
354,enterprise,3189,433,16895.68,70016.60,70077.43,96224.35,4.50
406,enterprise,2528,240,19660.49,79208.85,79268.82,93969.70,2.55
422,enterprise,3563,174,20416.08,83146.14,83206.79,93976.72,1.85
360,enterprise,2884,423,17111.76,71491.90,71553.35,97506.10,4.34
402,enterprise,3266,273,19468.79,78176.16,78238.47,95149.07,2.87
370,enterprise,4049,383,17687.04,72976.20,73041.85,97073.72,3.95
358,enterprise,3213,436,17076.90,71404.99,71465.81,97773.70,4.46
425,enterprise,3433,162,20582.79,84703.90,84764.80,95008.33,1.71
418,enterprise,3984,215,20291.65,82388.53,82450.72,95705.66,2.25
409,enterprise,1146,270,19765.68,79630.30,79692.02,96350.74,2.80
430,enterprise,2562,156,20767.01,85497.03,85559.92,95448.32,1.63
378,enterprise,531,408,17974.13,73459.07,73517.33,98335.47,4.15
392,enterprise,922,358,18930.27,75850.00,75907.45,97485.11,3.67
356,enterprise,957,466,16973.09,71088.22,71148.44,99675.66,4.68
349,pro,3483,509,16788.62,67908.73,67971.68,99990.48,5.09
385,enterprise,1338,398,18510.66,74031.48,74089.75,98387.25,4.05
437,enterprise,3498,139,21142.16,87267.12,87330.01,95803.93,1.45
403,enterprise,2299,330,19490.85,78278.73,78341.15,98641.48,3.35
397,enterprise,1999,357,19030.46,77338.93,77402.81,99606.71,3.58
355,enterprise,2243,508,16922.65,71024.71,71084.06,101768.94,4.99
382,enterprise,2642,427,18065.37,73976.46,74041.32,100757.39,4.24
365,enterprise,535,481,17395.10,71949.95,72009.56,101430.38,4.74
372,pro,1325,456,17702.54,73135.77,73195.63,101122.93,4.51
361,enterprise,2500,493,17130.68,71606.22,71666.98,101831.83,4.84
426,enterprise,1979,225,20657.41,84917.65,84979.75,98767.47,2.28
452,enterprise,3749,98,21938.26,91181.77,91245.50,97574.95,1.00
388,enterprise,549,437,18761.79,74475.70,74534.86,100909.34,4.33
404,enterprise,2214,359,19534.04,78441.87,78500.83,100327.15,3.58
442,enterprise,3756,144,21347.17,89286.40,89349.98,98646.53,1.46
461,enterprise,682,71,22284.97,93831.45,93890.56,98040.16,0.72
411,enterprise,1519,332,19796.59,80248.68,80307.65,100573.56,3.30
369,pro,2167,479,17613.38,72920.55,72985.19,102997.12,4.65
391,enterprise,3777,421,18920.31,75453.19,75517.42,101752.73,4.14
383,enterprise,2828,465,18445.90,73798.04,73857.08,102240.62,4.55
412,enterprise,3617,329,20066.48,80220.01,80280.96,100788.39,3.26
433,enterprise,3709,216,20876.27,86256.25,86317.31,100188.10,2.16
417,enterprise,2112,293,20255.92,82357.26,82416.48,100938.36,2.90
441,enterprise,3258,169,21335.74,88916.06,88979.66,99924.39,1.69
394,enterprise,2373,430,18985.42,76312.93,76370.36,102455.90,4.20
410,enterprise,1381,351,19766.07,79852.89,79913.53,101747.95,3.45
465,enterprise,1821,84,22506.48,94142.27,94201.72,99149.55,0.85
445,enterprise,1580,171,21492.51,90191.52,90251.86,100689.99,1.70
446,enterprise,2946,170,21621.19,90123.18,90183.72,100561.31,1.69
453,enterprise,2258,136,22088.37,91541.82,91605.31,100474.32,1.35
436,enterprise,1534,252,21096.28,86297.61,86360.40,101826.99,2.47
462,enterprise,2920,111,22339.63,93875.70,93938.30,100700.02,1.10
413,enterprise,2455,364,20111.98,81097.75,81158.73,104197.89,3.49
415,enterprise,2185,363,20126.29,81994.91,82056.98,104247.29,3.48
480,enterprise,958,76,23253.82,96739.88,96806.72,101711.95,0.75
423,enterprise,2214,336,20562.25,83862.29,83924.43,104434.20,3.22
459,enterprise,1084,159,22249.41,93341.72,93404.09,103104.82,1.54
405,enterprise,1170,443,19660.21,78609.00,78671.70,105828.49,4.19
429,enterprise,4006,311,20755.40,85384.78,85446.70,104850.39,2.97
474,enterprise,3048,111,23031.24,95794.24,95862.75,103132.14,1.08
467,enterprise,3190,143,22683.80,94214.12,94280.44,103680.48,1.38
399,enterprise,3799,488,19227.68,77509.39,77568.28,107375.68,4.54
489,enterprise,2106,96,23776.96,97483.17,97548.20,103800.81,0.92
475,enterprise,3418,135,23050.08,95912.43,95981.23,104861.59,1.29
443,enterprise,2324,276,21399.11,89608.23,89669.70,106633.20,2.59
497,enterprise,2343,84,24171.20,98868.44,98929.17,104058.01,0.81
488,enterprise,3818,113,23768.59,97425.69,97491.54,104876.67,1.08
476,enterprise,2807,152,23111.76,96313.12,96374.67,105784.01,1.44
486,enterprise,2736,131,23690.27,97164.60,97224.47,105231.03,1.24
455,enterprise,1572,237,22115.45,92502.41,92562.28,106975.09,2.22
477,enterprise,3414,145,23142.44,96370.77,96439.38,105962.58,1.37
484,enterprise,1084,138,23439.06,97233.98,97294.58,105729.32,1.31
434,enterprise,3350,342,20905.38,86288.20,86350.38,108521.12,3.15
440,enterprise,1980,322,21308.39,88789.95,88851.50,108554.14,2.97
504,enterprise,3264,79,24560.24,101045.54,101107.80,105960.59,0.75
470,enterprise,1978,196,22780.20,95856.97,95918.82,107922.86,1.82
487,enterprise,634,160,23759.35,97305.03,97369.97,107745.53,1.48
435,enterprise,3673,392,20980.37,86284.98,86349.25,110534.58,3.55
444,enterprise,1062,331,21435.07,89573.65,89637.33,110171.85,3.00
447,enterprise,1456,317,21664.16,90364.62,90428.59,110064.03,2.88
473,enterprise,2787,198,22943.10,95882.37,95950.89,108879.04,1.82
505,pro,3681,87,24572.42,101590.96,101657.91,107249.72,0.81
449,enterprise,2769,312,21810.39,91085.81,91146.73,110373.77,2.83
420,enterprise,1248,474,20386.26,82729.48,82791.70,112017.09,4.23
414,enterprise,989,502,20115.55,81330.58,81391.25,112541.91,4.46
493,enterprise,1893,173,23961.91,98220.59,98282.27,108959.83,1.59
438,enterprise,2760,394,21300.11,87486.65,87549.00,111800.57,3.52
424,pro,2588,451,20574.74,84529.29,84590.17,112643.52,4.00
481,enterprise,1955,210,23319.65,97005.48,97065.69,110164.38,1.91
457,enterprise,1164,306,22191.58,92569.18,92632.99,111464.08,2.75
432,enterprise,3581,439,20838.79,85936.80,85999.50,113096.22,3.88
512,enterprise,2171,93,24987.16,103658.11,103723.76,109539.92,0.85
450,enterprise,3530,339,21845.86,91210.52,91274.16,113241.81,2.99
448,enterprise,1812,376,21710.08,91186.13,91247.05,114470.61,3.28
518,enterprise,1285,110,25338.67,104087.83,104150.65,110986.21,0.99
427,enterprise,905,499,20699.34,85219.27,85280.41,116151.49,4.30
458,enterprise,1759,362,22240.04,92610.56,92670.62,115081.69,3.15
460,enterprise,3320,346,22283.79,93713.53,93773.08,115205.04,3.00
463,enterprise,2988,333,22391.59,93918.00,93983.33,115526.20,2.88
514,enterprise,917,155,25038.46,103882.83,103944.58,113619.05,1.36
428,enterprise,1539,509,20749.91,85246.23,85305.95,117935.73,4.32
469,enterprise,2098,330,22755.23,95377.10,95436.18,116007.77,2.84
483,enterprise,3829,309,23431.45,97179.05,97241.59,116461.51,2.65
485,enterprise,3698,309,23676.75,97009.77,97070.29,116467.87,2.65
464,enterprise,2913,390,22405.58,94009.80,94071.14,118319.12,3.30
490,enterprise,578,309,23789.51,97651.81,97713.52,116935.19,2.64
531,enterprise,3484,125,25917.64,107004.11,107066.52,114872.01,1.09
491,enterprise,3207,308,23862.57,97651.45,97712.36,116937.27,2.63
456,enterprise,1410,426,22176.29,92441.57,92501.44,118891.47,3.58
482,enterprise,678,335,23341.62,97028.52,97091.45,117967.65,2.84
536,enterprise,1935,117,26122.75,107812.26,107875.42,115194.63,1.02
498,enterprise,3929,278,24214.98,100094.90,100160.45,117902.40,2.36
506,enterprise,3887,253,24592.32,101771.96,101839.29,117900.47,2.15
494,enterprise,2728,324,24008.95,98173.56,98235.23,118499.59,2.73
534,enterprise,2916,145,26116.34,107367.70,107432.09,116520.34,1.24
471,enterprise,1699,396,22828.17,95863.43,95924.48,120737.00,3.28
492,enterprise,3294,356,23920.54,97735.49,97797.04,120163.68,2.96
523,enterprise,1203,202,25468.93,106046.02,106106.81,118901.98,1.70
451,enterprise,3353,501,21848.26,91269.33,91334.94,122690.30,4.08
499,enterprise,2956,321,24411.23,99962.35,100024.59,120240.60,2.67
466,enterprise,2551,446,22537.68,94241.42,94303.21,122127.38,3.65
478,enterprise,3793,397,23152.18,96518.95,96582.30,121555.94,3.27
549,enterprise,1696,77,26792.53,113352.09,113413.57,118166.57,0.65
510,enterprise,1580,269,24914.67,103117.64,103179.25,120191.44,2.24
454,enterprise,3948,480,22109.95,92282.85,92346.60,123132.42,3.90
472,enterprise,2464,434,22924.12,95898.64,95960.15,123047.40,3.53
515,enterprise,3085,277,25087.79,104002.74,104067.02,121497.19,2.28
513,enterprise,3608,283,25005.95,103889.82,103951.98,122000.33,2.32
479,enterprise,2910,429,23252.76,96608.44,96672.02,123820.21,3.46
560,enterprise,2890,72,27261.26,115375.42,115438.24,119874.23,0.60
500,enterprise,2321,356,24452.55,100513.22,100579.66,123008.33,2.89
501,pro,1197,360,24466.61,100529.84,100591.34,123207.46,2.92
539,enterprise,2779,181,26228.94,109951.74,110015.04,121773.11,1.49
526,enterprise,1633,261,25719.06,106103.08,106165.78,122350.67,2.13
524,enterprise,1859,260,25549.29,106057.63,106118.26,122566.40,2.12
553,enterprise,677,117,27010.48,113789.36,113852.44,121167.56,0.97
468,enterprise,3189,505,22745.73,94200.36,94259.58,125651.38,4.02
542,enterprise,948,174,26418.24,110903.49,110966.24,122300.79,1.42
527,enterprise,3863,272,25840.42,105981.72,106044.42,122905.72,2.21
508,enterprise,1003,360,24648.64,102929.12,102995.89,125412.92,2.87
521,enterprise,1252,307,25430.45,105272.61,105332.80,124727.90,2.46
507,enterprise,3237,383,24644.30,101959.07,102021.09,126501.14,3.03
495,enterprise,1350,459,24069.93,98492.76,98557.34,127374.92,3.60
538,enterprise,2954,275,26183.63,108904.04,108965.81,125866.09,2.18
563,enterprise,1746,130,27413.86,116957.04,117024.47,125547.90,1.04
535,enterprise,3415,305,26121.14,107534.52,107598.26,126965.14,2.40
529,enterprise,1111,335,25875.93,106527.42,106590.76,127284.58,2.63
565,free,585,142,27578.70,117073.13,117134.57,125641.81,1.13
544,enterprise,3460,253,26539.94,111377.85,111441.78,126879.96,1.99
533,enterprise,3190,321,26104.12,107114.14,107176.60,127555.60,2.52
522,pro,1242,362,25456.16,106048.72,106112.16,128380.56,2.82
567,enterprise,2324,139,27746.62,116961.50,117027.81,126127.52,1.10
502,enterprise,4076,455,24468.51,100885.72,100948.60,129625.51,3.51
541,enterprise,1614,286,26361.12,110489.72,110553.47,128059.07,2.23
496,enterprise,2247,496,24086.49,98836.79,98898.88,130559.52,3.80
546,enterprise,820,262,26555.30,112130.35,112193.64,128110.65,2.05
528,enterprise,3902,356,25872.06,106312.10,106373.51,129359.38,2.75
559,enterprise,1842,193,27232.22,115276.32,115342.28,127999.22,1.51
503,enterprise,3746,485,24541.34,100947.37,101010.28,131100.62,3.70
548,enterprise,3479,252,26731.39,113161.57,113226.28,129051.09,1.95
516,pro,1248,450,25231.07,103873.96,103938.23,131585.90,3.42
530,enterprise,1875,383,25895.23,106762.23,106824.50,130946.26,2.92
543,enterprise,3282,316,26425.86,111062.97,111126.58,130433.91,2.42
554,enterprise,3066,260,27017.54,114050.22,114112.61,129902.88,2.00
520,enterprise,1973,420,25382.33,105138.51,105199.24,131578.05,3.19
509,enterprise,3278,472,24726.22,103185.46,103252.10,132336.00,3.57
519,enterprise,587,459,25362.13,104500.40,104563.73,132889.68,3.45
511,enterprise,2729,480,24944.66,103284.55,103347.42,133392.18,3.60
564,enterprise,3179,224,27436.48,117102.08,117165.32,131018.48,1.71
587,pro,1964,123,28669.78,122475.66,122540.39,130341.14,0.94
582,pro,1821,181,28547.28,119849.83,119908.98,130738.21,1.38
591,enterprise,3384,108,28770.43,124315.85,124379.53,130777.07,0.83
595,enterprise,704,101,29089.23,124570.49,124632.50,130573.77,0.77
605,enterprise,1013,80,29525.94,126256.54,126315.29,130963.63,0.61
517,enterprise,538,507,25248.90,103919.48,103980.85,135538.49,3.74
532,enterprise,3814,451,26079.84,107020.85,107084.72,134768.60,3.35
547,enterprise,640,368,26667.09,112095.91,112158.61,134538.12,2.74
558,enterprise,1387,313,27174.37,115318.42,115379.30,134265.44,2.33
593,enterprise,540,142,29022.47,124198.04,124257.93,132781.46,1.07
596,enterprise,933,132,29171.60,124665.11,124724.28,132704.67,0.99
537,enterprise,859,447,26157.84,108369.24,108431.49,135782.34,3.29
588,enterprise,2095,173,28671.61,122773.24,122833.68,133268.57,1.30
525,enterprise,3745,496,25612.16,106116.03,106177.91,137068.34,3.62
601,enterprise,1514,137,29347.86,125318.08,125377.66,133742.77,1.02
573,enterprise,1768,250,28088.38,118917.90,118984.58,135047.49,1.85
606,enterprise,3877,106,29567.88,127249.08,127310.38,133841.25,0.79
577,enterprise,2046,272,28267.62,119406.45,119466.65,135828.36,2.00
618,pro,2741,77,29949.41,129713.59,129772.56,134377.19,0.57
555,enterprise,3481,356,27076.50,114232.78,114299.32,137405.26,2.59
609,enterprise,2931,126,29601.57,127318.85,127379.27,134986.79,0.93
540,enterprise,4004,466,26253.47,110071.41,110135.01,138730.48,3.36
545,enterprise,1732,432,26541.06,112116.45,112181.38,138867.85,3.11
551,enterprise,2872,383,26935.87,113788.83,113853.78,138673.96,2.76
571,enterprise,3820,321,28001.59,117969.94,118032.83,137649.51,2.33
556,enterprise,2521,401,27130.51,114186.87,114249.59,138637.29,2.89
585,enterprise,1565,260,28656.61,121404.94,121464.98,137310.33,1.89
604,enterprise,3594,172,29509.78,126132.17,126192.97,136634.30,1.26
617,enterprise,3722,113,29916.66,129630.84,129688.58,136449.36,0.83
562,enterprise,3603,367,27362.02,116722.20,116785.23,139029.63,2.64
572,enterprise,896,327,28054.49,118530.50,118591.63,138337.17,2.36
589,enterprise,1503,235,28681.54,123368.17,123427.64,137775.47,1.71
552,enterprise,3546,396,26980.87,113808.79,113873.70,139502.61,2.84
599,enterprise,3348,201,29218.69,125201.50,125262.49,137471.75,1.46
581,enterprise,2992,316,28480.83,119697.21,119760.94,138940.57,2.27
580,enterprise,693,319,28409.23,119706.46,119768.81,139128.97,2.29
568,pro,3251,380,27771.59,117187.52,117249.93,140212.25,2.71
561,enterprise,3640,390,27277.53,116287.63,116354.72,141401.29,2.76
569,enterprise,4027,367,27781.05,117325.07,117392.80,140897.78,2.60
578,enterprise,864,326,28276.59,119725.46,119790.59,140522.83,2.32
576,enterprise,3780,363,28235.77,119225.12,119285.96,141449.60,2.57
642,enterprise,2368,71,31115.65,135028.44,135090.31,139165.21,0.51
636,enterprise,1654,89,30798.02,134185.93,134247.29,139670.41,0.64
570,enterprise,1945,415,27832.58,117409.79,117469.57,142759.35,2.91
635,enterprise,3687,108,30721.23,133867.13,133929.11,140257.94,0.77
628,enterprise,3615,147,30384.66,132295.84,132356.68,141073.61,1.04
575,enterprise,698,414,28202.38,118933.12,118992.92,143766.07,2.88
557,enterprise,2154,490,27171.54,114945.84,115008.38,144909.11,3.38
624,enterprise,3627,174,30247.52,131556.41,131618.18,141961.50,1.23
583,enterprise,1378,371,28572.23,120146.79,120212.19,143681.83,2.58
613,enterprise,1755,235,29630.54,128706.30,128765.36,142724.59,1.65
627,enterprise,1970,170,30350.81,131589.37,131653.20,142170.45,1.20
610,enterprise,2839,265,29601.76,127358.61,127418.35,143180.17,1.85
640,enterprise,3745,128,30956.81,134810.99,134873.68,142326.35,0.90
586,enterprise,574,387,28663.98,121494.38,121557.81,144834.82,2.67
550,enterprise,3965,512,26928.83,113795.87,113860.82,146625.00,3.49
621,enterprise,2969,219,30185.48,130662.95,130722.38,143736.27,1.52
644,enterprise,1078,141,31132.12,135259.53,135319.27,143468.87,0.98
566,enterprise,1151,493,27640.63,117024.43,117086.54,147014.88,3.35
594,enterprise,3428,346,29027.96,124391.94,124451.45,145749.71,2.37
638,enterprise,2570,155,30853.25,134756.59,134818.93,144304.69,1.07
608,enterprise,3044,318,29576.04,127283.73,127344.38,146245.28,2.17
622,pro,1534,247,30236.62,130968.59,131028.42,145641.28,1.70
579,enterprise,2697,453,28397.11,119672.63,119734.07,147489.71,3.07
632,enterprise,1317,201,30626.41,133469.58,133531.09,145308.29,1.38
650,enterprise,2060,153,31705.84,135832.36,135891.43,145044.55,1.05
592,enterprise,1523,397,28920.73,124239.78,124299.77,147943.40,2.68
574,enterprise,2711,472,28113.88,118959.09,119025.39,148820.87,3.17
620,enterprise,3164,269,30011.62,130775.76,130836.68,146989.25,1.83
629,enterprise,1125,245,30408.96,132681.67,132745.35,147891.83,1.66
646,enterprise,2578,191,31205.24,135251.77,135313.60,147095.55,1.30
597,enterprise,898,391,29176.33,124697.81,124762.08,149143.98,2.62
603,enterprise,1519,371,29466.11,125765.33,125828.03,148915.91,2.49
607,pro,3072,361,29571.15,127270.34,127329.78,148962.52,2.42
590,enterprise,2022,412,28735.91,124225.86,124290.96,150013.35,2.75
598,enterprise,1469,417,29205.81,124888.20,124948.37,149931.11,2.78
667,enterprise,980,115,32463.10,140318.83,140378.51,147343.94,0.78
615,enterprise,3433,339,29802.69,129208.23,129272.36,150293.63,2.26
584,enterprise,1152,511,28578.68,120167.46,120227.15,151589.80,3.37
655,enterprise,666,173,31913.38,137771.99,137832.17,148504.69,1.16
659,enterprise,3563,171,31948.38,139030.78,139088.90,149041.15,1.15
658,enterprise,2602,170,31946.21,138645.72,138707.64,149244.69,1.14
648,enterprise,1786,254,31489.79,135200.65,135259.34,150029.30,1.69
602,enterprise,930,425,29394.29,125837.15,125899.85,152255.64,2.79
626,pro,1462,317,30345.57,131594.61,131658.44,151355.43,2.09
682,enterprise,1123,85,33271.22,143663.53,143723.66,148806.49,0.57
668,enterprise,1049,152,32481.20,140801.96,140859.96,149682.61,1.02
630,enterprise,757,316,30500.59,132635.29,132699.28,152067.93,2.08
614,enterprise,738,403,29639.69,128815.27,128872.68,153090.61,2.63
672,pro,3369,139,32801.15,141799.84,141857.85,149960.04,0.93
657,enterprise,4044,198,31945.94,138522.49,138584.23,150920.29,1.31
631,enterprise,2611,314,30552.11,132857.03,132919.90,152442.91,2.06
641,enterprise,1347,273,30995.93,134971.01,135032.24,151999.08,1.80
681,free,2584,108,33270.11,143594.02,143652.61,149970.89,0.72
623,enterprise,2190,354,30243.67,131196.14,131258.47,153333.11,2.31
612,enterprise,1194,433,29608.83,128642.97,128703.70,154338.67,2.81
600,enterprise,3738,473,29303.83,125342.17,125407.18,154773.60,3.06
634,enterprise,1256,321,30695.14,133786.61,133849.20,153506.22,2.09
690,pro,2671,88,33716.87,145420.05,145480.92,150783.64,0.58
616,enterprise,551,427,29909.45,129376.04,129436.03,154693.32,2.76
652,enterprise,3240,261,31850.37,136828.46,136888.75,152858.99,1.71
639,enterprise,2462,320,30860.65,134790.45,134849.97,154131.62,2.08
665,enterprise,3702,216,32310.80,140044.33,140105.27,153241.67,1.41
680,pro,3522,144,33153.63,143596.75,143659.36,152398.84,0.94
649,enterprise,2777,303,31501.57,135919.82,135978.22,154295.63,1.96
643,enterprise,2083,324,31128.87,135237.15,135295.69,154848.08,2.09
656,enterprise,3250,270,31927.30,138353.56,138411.70,154239.99,1.75
684,enterprise,2384,135,33347.99,144952.80,145014.91,153609.05,0.88
685,enterprise,1778,137,33392.86,144907.93,144970.04,153692.41,0.89
694,enterprise,3922,106,33909.38,146508.68,146573.03,153371.61,0.69
633,enterprise,1116,381,30685.87,133640.73,133700.78,156691.81,2.43
698,enterprise,3261,98,34071.38,147578.55,147639.63,153689.61,0.64
706,enterprise,3456,75,34474.92,148520.10,148584.69,153385.03,0.49
625,enterprise,3489,415,30342.98,131533.30,131597.21,157645.80,2.63
660,enterprise,3748,274,32000.33,139457.93,139517.65,156166.14,1.75
653,enterprise,3786,325,31854.98,136823.85,136884.14,156846.44,2.07
611,free,3700,508,29608.26,127453.95,127515.26,159317.72,3.19
695,enterprise,2949,139,33948.44,147041.09,147099.89,155371.90,0.89
715,enterprise,1090,75,34903.47,149805.89,149867.93,154479.85,0.49
619,enterprise,1778,478,29950.94,130538.63,130598.17,159476.34,3.00
683,enterprise,1105,205,33320.67,143680.20,143741.40,156166.78,1.31
691,enterprise,592,160,33762.17,146044.87,146105.54,155786.11,1.03
707,enterprise,1398,103,34560.32,148434.70,148499.30,155031.75,0.66
670,enterprise,3785,261,32545.36,141008.47,141070.04,157092.87,1.66
679,enterprise,3432,234,33138.29,142796.41,142854.43,156724.42,1.49
671,enterprise,681,284,32738.96,141182.80,141239.35,158006.64,1.80
664,pro,1459,301,32237.68,140016.39,140078.18,158611.37,1.90
675,enterprise,1602,257,33004.73,142153.20,142214.33,158038.78,1.63
693,enterprise,1615,171,33866.80,146301.68,146364.06,157191.75,1.09
676,enterprise,720,261,33021.61,142799.71,142856.28,158317.11,1.65
723,enterprise,3668,72,35126.48,151958.79,152024.02,156424.05,0.46
645,enterprise,629,428,31169.71,135221.94,135281.68,160470.17,2.67
701,pro,2836,160,34322.23,147841.57,147901.27,157440.57,1.02
709,enterprise,2641,130,34621.71,148955.06,149019.81,157173.91,0.83
647,enterprise,1268,430,31319.11,135164.37,135225.18,161812.53,2.66
710,enterprise,2555,160,34628.02,149319.48,149379.00,158938.48,1.01
666,enterprise,1370,336,32322.06,140199.20,140261.70,161295.29,2.08
720,enterprise,3772,125,35016.52,150960.43,151021.23,158618.56,0.79
732,enterprise,2005,79,35466.52,153853.82,153914.05,158577.36,0.50
719,enterprise,1001,136,35004.64,150792.56,150852.47,159125.18,0.85
637,enterprise,2657,476,30811.37,134597.54,134658.07,163506.93,2.91
738,enterprise,3859,77,35927.18,153711.05,153774.69,158745.10,0.49
716,enterprise,3883,165,34945.21,150047.06,150109.26,160182.44,1.03
651,enterprise,951,464,31747.47,136236.36,136293.60,163681.49,2.83
735,enterprise,2361,103,35729.00,153758.45,153819.28,160123.38,0.64
721,enterprise,3635,163,35018.46,151148.82,151209.21,160960.55,1.01
669,enterprise,2539,368,32481.22,141017.58,141078.37,163549.61,2.25
708,pro,770,215,34578.29,148662.71,148721.53,161580.00,1.33
728,enterprise,676,136,35396.41,152592.37,152654.78,160968.16,0.84
746,enterprise,2964,82,36435.49,155204.39,155265.85,160141.01,0.51
662,enterprise,3859,395,32122.04,139958.61,140021.53,164759.29,2.40
745,enterprise,3285,91,36401.50,155149.02,155210.28,160801.07,0.57
722,enterprise,670,168,35045.47,151911.56,151975.67,162346.88,1.03
654,enterprise,2953,457,31890.25,136909.18,136970.59,165587.87,2.76
661,enterprise,4067,431,32103.38,139865.06,139925.19,165480.00,2.60
747,enterprise,602,103,36435.87,155326.93,155386.91,161497.56,0.64
686,enterprise,3454,310,33489.95,144830.36,144892.08,164522.07,1.88
677,enterprise,2146,374,33124.69,142753.20,142810.01,165045.91,2.27
687,pro,1019,318,33535.01,144847.01,144908.19,165067.15,1.93
741,enterprise,3341,118,36228.93,154620.12,154684.93,162439.08,0.73
748,enterprise,1621,113,36440.64,155354.98,155415.56,162444.16,0.70
743,enterprise,2161,131,36349.63,154708.92,154770.38,162925.69,0.80
739,enterprise,1226,162,35933.06,153929.66,153988.44,163620.99,0.99
752,enterprise,3177,103,36636.19,156998.89,157060.70,163202.12,0.63
729,enterprise,2729,198,35406.96,152759.51,152819.45,164791.84,1.20
712,enterprise,3956,251,34814.78,149386.58,149450.04,165593.53,1.52
758,enterprise,2595,94,36907.13,158521.83,158582.90,164144.51,0.57
689,enterprise,2249,359,33688.72,145060.53,145121.66,167905.24,2.14
717,enterprise,2762,268,34959.40,150593.07,150654.24,166826.09,1.61
699,enterprise,3126,328,34139.46,147561.55,147626.20,168359.64,1.95
663,enterprise,2873,510,32143.07,140065.95,140125.54,170379.40,2.99
744,enterprise,2333,198,36401.17,154937.55,154997.76,166769.79,1.19
678,enterprise,3139,437,33135.13,142751.68,142813.39,170388.78,2.56
765,enterprise,3596,113,37247.31,159634.02,159698.25,166911.47,0.68
753,enterprise,2712,173,36642.52,157401.36,157461.47,167726.86,1.03
673,enterprise,2394,495,32872.13,141783.38,141844.83,171746.82,2.88
754,enterprise,2633,177,36697.84,157431.97,157494.79,167921.11,1.05
688,enterprise,1574,440,33575.25,144958.41,145018.69,171504.06,2.57
711,enterprise,2550,329,34758.15,149319.29,149381.24,170343.57,1.93
773,enterprise,1693,109,37882.04,160720.12,160785.97,167532.59,0.65
696,enterprise,1588,383,34019.40,147171.50,147235.23,171467.60,2.23
771,enterprise,1763,125,37495.92,160516.10,160581.63,168360.09,0.74
674,enterprise,1647,497,32930.64,141847.03,141908.57,173255.58,2.87
757,enterprise,866,190,36838.20,158289.46,158349.79,169472.15,1.12
779,enterprise,557,108,38193.96,162004.84,162063.48,168294.49,0.64
742,enterprise,2265,248,36232.31,154811.21,154876.31,170779.51,1.45
767,enterprise,3231,156,37359.22,160033.14,160097.91,170028.62,0.92
700,enterprise,1474,398,34289.41,147788.30,147849.62,173172.06,2.30
714,enterprise,1648,390,34900.84,149701.93,149761.98,173014.43,2.25
733,enterprise,3826,288,35636.55,153746.77,153810.48,172281.05,1.67
697,enterprise,1516,444,34071.02,147448.07,147506.63,173965.53,2.55
774,enterprise,1013,152,37887.74,160780.26,160844.59,170348.02,0.89
755,enterprise,2087,239,36732.12,157586.18,157648.38,171771.10,1.39
777,enterprise,610,152,38051.61,161502.43,161562.22,170524.38,0.89
704,enterprise,3745,433,34412.34,148348.85,148408.79,174225.55,2.49
736,enterprise,1953,321,35749.74,153798.54,153860.13,173064.36,1.85
718,enterprise,3019,388,34968.08,150584.39,150645.56,173909.19,2.23
725,enterprise,849,361,35193.48,152184.20,152244.82,173870.52,2.08
759,enterprise,887,225,36923.71,158928.67,158988.14,172265.41,1.31
750,enterprise,1691,265,36543.71,157022.79,157082.43,172814.86,1.53
692,enterprise,1027,470,33826.07,146270.25,146329.88,176154.81,2.67
761,enterprise,2385,243,36952.81,159078.02,159137.19,173584.06,1.40
703,enterprise,749,462,34411.67,148318.63,148379.53,176252.24,2.62
770,enterprise,2146,215,37436.98,160496.45,160555.73,173286.81,1.24
730,enterprise,2775,352,35433.70,153267.73,153329.67,175922.04,2.00
794,enterprise,2457,93,38923.49,166491.14,166554.16,172498.02,0.54
763,enterprise,3848,242,37006.42,159358.15,159422.71,174800.39,1.38
769,enterprise,2895,242,37375.81,160207.57,160265.88,174613.50,1.39
749,enterprise,4027,295,36527.41,156604.23,156671.10,175627.75,1.68
727,enterprise,3576,389,35271.76,152588.19,152652.60,177096.02,2.20
726,enterprise,3515,386,35213.35,152547.64,152610.26,177394.08,2.18
764,enterprise,2028,276,37204.40,159372.10,159431.25,175798.64,1.57
724,enterprise,2475,411,35179.28,152101.71,152166.00,177992.86,2.31
713,enterprise,3151,474,34821.21,149679.29,149740.72,178468.47,2.66
780,enterprise,555,207,38233.08,162175.22,162237.54,175342.20,1.18
797,enterprise,1388,121,38978.41,167207.81,167270.96,174813.01,0.69
751,enterprise,3854,320,36609.46,157007.89,157070.11,177308.62,1.80
782,enterprise,618,195,38295.46,163298.51,163359.77,175744.66,1.11
740,enterprise,1491,393,36021.69,154723.90,154783.17,178184.23,2.21
702,enterprise,3248,496,34359.55,148208.97,148271.73,180013.05,2.76
793,enterprise,4054,145,38888.94,166212.77,166275.34,175615.09,0.83
705,enterprise,3532,501,34466.05,148400.19,148464.58,180075.89,2.78
784,pro,2247,198,38470.76,164028.33,164092.31,176501.90,1.12
807,pro,3817,105,39697.40,168805.83,168867.98,175481.81,0.60
816,enterprise,1390,79,40456.95,170079.93,170143.44,175097.96,0.45
805,enterprise,748,132,39626.15,168410.40,168470.30,176329.13,0.75
778,enterprise,3665,276,38089.76,161748.55,161808.60,178597.88,1.55
734,enterprise,2289,462,35667.33,153759.94,153820.11,181956.47,2.54
787,pro,2463,234,38630.21,164893.71,164957.15,179496.97,1.30
831,enterprise,2567,70,41254.12,172663.96,172726.30,176934.65,0.40
836,enterprise,2533,64,41550.17,172991.77,173053.27,176886.07,0.36
815,enterprise,2450,136,40250.18,169730.69,169796.06,178529.83,0.76
832,enterprise,864,79,41276.46,172763.66,172830.14,177820.17,0.44
731,enterprise,918,503,35459.96,153466.02,153526.52,184958.09,2.72
788,enterprise,3082,262,38644.86,165513.92,165577.07,181836.73,1.44
818,enterprise,3458,163,40512.81,170210.98,170271.14,180190.66,0.90
823,enterprise,841,138,40714.03,171441.14,171505.72,180309.84,0.77
804,enterprise,1572,210,39564.06,168353.54,168417.15,181909.30,1.15
737,enterprise,2100,509,35820.45,153771.62,153832.61,185657.58,2.74
841,enterprise,2847,98,41832.85,174854.79,174917.13,180959.56,0.54
825,enterprise,3587,165,40816.66,171790.77,171855.22,182431.19,0.90
819,enterprise,3444,188,40563.25,170792.48,170858.26,182947.95,1.03
783,enterprise,917,353,38373.56,163411.94,163469.52,185171.34,1.91
802,enterprise,3242,254,39423.13,168038.34,168103.47,184484.61,1.38
827,enterprise,2789,180,40824.33,172347.81,172409.69,183412.88,0.98
817,enterprise,1704,216,40469.04,170194.88,170258.72,183782.40,1.18
760,enterprise,1526,471,36946.57,159032.45,159092.20,187439.82,2.51
792,enterprise,3501,311,38834.18,166245.14,166303.66,185675.01,1.67
786,enterprise,3831,352,38562.93,164608.03,164667.86,185948.35,1.89
785,enterprise,3288,365,38540.39,163982.08,164040.99,186095.57,1.96
826,enterprise,2830,194,40824.05,172178.99,172239.04,184118.41,1.05
811,enterprise,1901,258,39975.75,168901.52,168963.75,185172.71,1.39
768,enterprise,2901,436,37374.43,160103.68,160170.39,188086.36,2.32
776,enterprise,867,422,38013.50,161261.82,161326.05,187622.80,2.25
775,enterprise,1818,438,37894.14,160990.66,161055.72,188366.15,2.33
756,enterprise,3130,497,36777.89,157894.39,157960.99,189906.15,2.62
842,enterprise,1746,145,41922.33,175701.47,175763.33,184848.44,0.78
762,enterprise,883,508,36994.21,159164.08,159223.79,189813.11,2.68
839,enterprise,1778,179,41617.25,173937.66,174000.51,185217.99,0.97
848,enterprise,3713,110,42231.97,178186.09,178249.62,184977.06,0.59
799,enterprise,3075,330,39021.57,167466.88,167527.78,188274.09,1.75
824,enterprise,3058,248,40783.81,171583.98,171645.79,186854.53,1.33
854,enterprise,2880,77,42365.24,180427.18,180489.83,185391.49,0.42
808,enterprise,3804,316,39701.49,168874.51,168936.40,188155.70,1.68
772,enterprise,3677,501,37527.55,160643.05,160703.09,190939.05,2.62
766,enterprise,1736,510,37290.49,159912.08,159975.34,191816.27,2.66
806,enterprise,2510,325,39648.39,168587.38,168651.88,189606.46,1.71
830,enterprise,3655,255,41138.90,172652.53,172715.85,188338.39,1.35
857,enterprise,3524,92,42472.67,181072.23,181136.41,187072.80,0.49
843,enterprise,3767,186,41970.95,176156.22,176217.82,187628.86,0.99
781,pro,576,478,38248.81,162802.83,162861.54,191724.75,2.49
801,enterprise,2491,375,39419.38,167968.46,168031.25,191136.30,1.96
795,enterprise,2222,414,38935.79,166551.21,166614.72,192155.40,2.15
828,enterprise,1363,283,40957.22,172332.46,172395.30,190333.78,1.49
789,enterprise,928,445,38719.09,165650.29,165709.09,192677.41,2.31
812,enterprise,1677,354,40008.48,169055.52,169118.07,191604.70,1.85
820,enterprise,3923,315,40576.80,170844.71,170911.36,191223.06,1.65
803,enterprise,4010,397,39551.57,168363.71,168424.34,192605.51,2.06
814,enterprise,557,373,40034.92,169323.64,169382.89,192122.15,1.94
849,enterprise,1206,196,42243.12,178238.46,178300.67,190225.57,1.03
809,free,1142,391,39871.39,168766.50,168826.50,192663.50,2.03
837,enterprise,583,288,41576.35,173396.31,173456.72,191011.94,1.51
851,pro,638,188,42304.83,178719.04,178783.22,190890.89,0.98
822,enterprise,1821,353,40705.50,171283.82,171343.37,192976.39,1.83
821,enterprise,2182,361,40579.35,171227.46,171289.75,193342.26,1.87
791,enterprise,2108,469,38786.45,165832.50,165890.01,195518.31,2.40
881,pro,3782,80,43808.30,185446.54,185511.61,190603.68,0.42
790,enterprise,2688,473,38758.02,165860.93,165918.44,195806.77,2.42
864,enterprise,1928,162,42753.12,181882.84,181944.12,191875.36,0.84
873,enterprise,3994,120,43278.08,183557.15,183622.90,191416.32,0.63
847,enterprise,2132,243,42143.94,176952.69,177016.78,192642.95,1.26
845,enterprise,2415,269,42043.11,176393.12,176454.90,192840.60,1.39
796,enterprise,3542,455,38974.55,166881.45,166945.58,196248.99,2.32
888,enterprise,1049,79,44299.73,186991.27,187055.68,192128.86,0.41
855,enterprise,3689,213,42395.57,180852.28,180918.11,194509.99,1.10
886,enterprise,2283,111,44199.73,186355.95,186415.41,193000.58,0.58
860,enterprise,2134,199,42661.31,181590.13,181654.55,194554.68,1.02
829,enterprise,3595,377,41039.18,172536.10,172602.48,196720.28,1.92
798,pro,2059,495,38998.88,167311.47,167370.83,198866.71,2.49
896,enterprise,1973,94,44718.27,187870.02,187930.52,193502.03,0.49
800,enterprise,2351,496,39252.66,167759.16,167823.36,199575.41,2.49
810,enterprise,3808,473,39888.41,168925.70,168988.86,199198.98,2.37
891,enterprise,856,121,44516.01,187283.85,187347.20,194784.65,0.62
870,enterprise,2976,201,43106.52,183577.53,183641.60,196254.40,1.02
890,enterprise,3602,120,44467.87,187145.31,187210.76,194931.30,0.62
844,enterprise,3026,359,42011.38,176177.39,176239.25,198025.01,1.81
905,enterprise,2097,92,45213.58,189573.32,189635.66,195149.88,0.47
901,enterprise,1218,102,45099.18,189312.80,189375.26,195497.49,0.52
813,enterprise,3518,493,40011.71,169177.41,169241.49,200659.66,2.46
866,enterprise,3424,243,42808.68,182339.78,182404.56,198039.91,1.23
834,enterprise,2440,420,41395.35,172977.25,173042.96,199607.66,2.10
835,pro,614,421,41515.55,172988.48,173051.97,199658.45,2.11
899,enterprise,1480,138,44972.48,188949.13,189009.19,197268.48,0.70
894,enterprise,1051,176,44646.34,187822.35,187882.14,198464.12,0.89
874,enterprise,575,268,43346.61,183862.42,183923.72,200079.25,1.34
892,enterprise,1882,175,44520.59,187636.49,187699.43,198909.81,0.88
846,pro,1214,394,42094.46,176685.55,176748.86,201388.22,1.96
840,enterprise,3486,444,41680.71,174274.57,174336.67,202143.03,2.20
871,enterprise,993,294,43260.24,183510.53,183574.99,202052.77,1.46
916,enterprise,973,105,45823.29,193264.09,193326.43,199489.72,0.53
850,enterprise,782,392,42278.23,178425.24,178486.33,203074.31,1.93
853,pro,580,391,42363.98,179114.05,179175.14,203000.70,1.93
833,enterprise,1777,501,41305.54,172900.38,172960.56,204303.47,2.45
878,enterprise,2598,292,43607.70,184249.49,184310.39,202824.79,1.44
838,enterprise,3045,502,41608.07,173571.15,173633.74,205190.64,2.45
923,enterprise,1410,104,46260.64,194410.73,194469.79,200599.00,0.52
867,enterprise,2467,349,42926.24,182534.55,182598.84,203987.18,1.71
915,enterprise,2171,139,45821.31,193006.75,193065.79,201151.98,0.69
877,enterprise,3295,312,43574.49,184182.25,184248.37,203772.29,1.53
920,enterprise,3980,116,46084.28,193952.11,194013.17,201302.32,0.58
859,enterprise,1649,378,42595.85,181641.35,181702.07,204855.48,1.85
908,enterprise,3035,182,45571.59,190857.00,190922.56,201953.94,0.90
887,enterprise,3003,276,44202.91,186888.28,186948.06,203887.49,1.35
865,enterprise,907,383,42792.36,182150.10,182210.11,206392.99,1.86
856,enterprise,3954,417,42425.25,181085.95,181152.01,206772.11,2.02
898,enterprise,924,242,44874.38,188807.51,188870.54,204375.09,1.18
858,enterprise,1051,417,42506.29,181401.45,181466.04,207041.24,2.01
919,enterprise,671,176,46082.52,193316.65,193377.13,203825.62,0.86
921,enterprise,951,165,46088.01,194275.45,194333.74,203986.90,0.81
876,enterprise,2826,376,43398.69,184239.64,184300.71,207470.94,1.81
942,enterprise,2383,68,46986.30,199986.99,200046.92,204035.78,0.33
861,enterprise,3200,422,42686.72,181699.66,181762.10,208464.50,2.02
883,free,624,358,43966.13,185579.34,185643.86,207778.37,1.72
872,enterprise,3567,394,43277.60,183529.72,183591.40,208644.84,1.89
937,enterprise,904,107,46800.59,198808.42,198871.71,205697.19,0.52
889,enterprise,3516,329,44330.49,187066.01,187129.33,208233.13,1.58
852,enterprise,3924,506,42333.37,179139.99,179205.58,210303.68,2.41
930,pro,2258,148,46539.98,196890.42,196955.95,206406.78,0.72
938,enterprise,3523,101,46830.11,199602.38,199666.19,206116.65,0.49
863,enterprise,3990,452,42749.31,181761.96,181824.30,210451.77,2.15
914,enterprise,2550,238,45795.88,192424.42,192484.81,207486.11,1.15
904,enterprise,2962,320,45196.72,189497.67,189561.77,209142.09,1.53
862,enterprise,2880,478,42733.74,181775.45,181839.33,211731.57,2.26
869,enterprise,3417,457,43068.91,183191.37,183254.55,211564.41,2.16
900,enterprise,1195,336,45068.56,189236.20,189301.19,209906.67,1.60
893,enterprise,2650,367,44527.83,187629.25,187692.19,211136.03,1.74
955,enterprise,3092,81,47498.85,203523.23,203582.91,208370.98,0.39
943,enterprise,1427,140,47046.37,200300.41,200359.99,208947.22,0.67
912,free,1114,309,45689.84,192069.62,192128.90,210360.07,1.47
868,enterprise,3535,490,43022.61,182613.69,182676.04,213077.43,2.30
906,enterprise,1074,338,45339.78,189543.93,189603.14,210760.26,1.60
936,enterprise,1436,167,46783.36,198581.32,198646.39,209316.68,0.80
910,enterprise,2905,303,45621.57,191578.74,191638.66,210731.23,1.44
885,pro,3211,415,44037.89,185935.67,185997.43,212415.88,1.95
880,enterprise,2919,443,43697.17,185409.59,185471.32,212973.94,2.08
932,enterprise,721,212,46635.76,197187.98,197251.56,210594.74,1.01
875,enterprise,3443,479,43354.56,183941.09,184006.93,213927.91,2.24
949,enterprise,1228,137,47431.07,201766.29,201824.63,209935.79,0.65
902,enterprise,2785,370,45119.99,189444.80,189509.60,212289.48,1.74
882,enterprise,3062,453,43827.47,185649.82,185711.08,213862.49,2.12
951,pro,1728,142,47474.98,202072.55,202131.11,210564.49,0.67
947,enterprise,4016,159,47349.77,200740.64,200805.06,210900.60,0.75
879,enterprise,2839,473,43610.02,184856.57,184916.73,214819.22,2.20
933,enterprise,2748,211,46707.01,198606.01,198667.80,211722.43,1.00
895,enterprise,2548,420,44696.12,187838.76,187902.40,214497.60,1.96
927,enterprise,2609,267,46432.93,195808.03,195870.08,212848.51,1.25
922,enterprise,822,316,46164.21,194432.46,194490.48,213233.96,1.48
957,enterprise,3717,125,47616.14,204128.36,204191.43,212076.06,0.59
924,enterprise,2503,314,46317.59,194530.99,194589.36,213817.21,1.47
897,pro,1403,456,44766.53,188429.19,188493.12,215821.89,2.11
903,enterprise,3464,411,45149.46,189479.02,189543.07,215451.93,1.91
884,enterprise,1371,503,44030.66,185569.16,185628.82,216845.74,2.32
956,enterprise,1200,171,47519.52,203631.70,203695.91,214004.57,0.80
974,enterprise,2770,92,48638.69,207461.34,207524.52,213156.03,0.43
929,enterprise,3042,294,46501.01,196924.85,196989.33,215593.37,1.36
976,enterprise,1262,97,48769.59,207330.45,207393.63,213324.79,0.45
909,enterprise,1488,427,45595.98,191309.58,191370.51,216879.52,1.97
964,enterprise,873,160,48072.48,205128.59,205189.97,214700.53,0.75
907,enterprise,3596,460,45434.50,189789.05,189851.21,217422.21,2.12
968,enterprise,2595,142,48253.87,206379.46,206443.12,215153.12,0.66
918,enterprise,981,403,46064.27,193296.65,193355.54,217469.38,1.85
917,enterprise,2795,411,45966.37,193334.29,193394.55,218002.12,1.89
934,enterprise,3875,300,46719.87,198593.14,198654.93,217286.48,1.38
954,enterprise,714,212,47488.22,203381.41,203444.71,216578.34,0.98
963,enterprise,2613,195,48018.87,204927.89,204991.45,216618.46,0.90
913,enterprise,1274,436,45703.29,192162.30,192226.51,219044.42,1.99
911,enterprise,1107,449,45646.26,191569.73,191634.64,219288.60,2.05
996,enterprise,1348,71,49671.10,211205.30,211266.45,215497.82,0.33
946,enterprise,2840,283,47342.79,200182.75,200242.12,217842.22,1.30
958,enterprise,3245,245,47672.07,204250.38,204314.26,219012.30,1.12
988,pro,1695,132,49215.98,209213.45,209276.50,217484.55,0.61
970,enterprise,1302,190,48256.81,207407.04,207467.74,218726.36,0.87
926,enterprise,1842,430,46405.55,194768.46,194825.98,220681.47,1.95
925,enterprise,1099,437,46354.99,194648.03,194705.02,220979.80,1.98
982,enterprise,3157,161,49066.37,208300.49,208361.59,218268.42,0.74
997,enterprise,3961,105,49690.44,211833.65,211893.02,218123.63,0.48
935,pro,1619,368,46743.68,198608.86,198672.96,221187.13,1.66
941,enterprise,3502,346,46930.27,199983.15,200043.02,221027.19,1.57
978,enterprise,1796,201,48817.77,207636.00,207695.68,219580.48,0.92
1009,enterprise,2396,66,50345.31,214292.02,214352.06,218229.03,0.30
981,enterprise,2229,181,48868.95,208413.52,208477.01,219785.02,0.82
965,enterprise,3702,250,48082.36,205199.63,205263.88,220712.54,1.13
952,enterprise,2922,308,47478.50,202429.64,202490.71,221813.60,1.39
1010,enterprise,2558,74,50578.54,214169.17,214231.54,218838.93,0.34
1013,enterprise,3875,72,50640.01,214545.00,214608.03,219086.28,0.33
980,enterprise,970,219,48825.17,208405.33,208465.18,221401.23,0.99
939,enterprise,1782,385,46892.75,199905.96,199966.89,223948.58,1.72
1000,enterprise,621,149,49777.75,212316.62,212376.18,221520.62,0.67
1020,enterprise,2370,78,50872.80,216941.27,216999.63,221612.89,0.35
959,pro,4006,334,47783.47,204714.31,204780.16,224763.90,1.49
940,enterprise,1390,413,46899.82,199959.81,200020.67,225748.11,1.83
990,enterprise,3643,217,49251.39,210030.04,210091.26,223430.16,0.97
962,enterprise,2896,330,48005.66,204941.10,205004.66,224720.03,1.47
979,enterprise,3221,267,48824.16,207846.95,207910.55,224353.81,1.19
971,enterprise,2976,282,48261.55,207608.27,207668.29,224973.93,1.25
991,enterprise,2226,224,49343.87,210054.31,210116.86,223891.62,1.00
931,enterprise,3118,494,46575.13,196907.55,196966.42,226903.12,2.18
961,enterprise,3866,340,47931.90,204705.15,204764.75,225546.35,1.51
975,enterprise,1866,287,48723.92,207376.12,207439.30,225121.98,1.27
1002,pro,1684,188,49868.50,212904.51,212964.50,224177.63,0.84
953,enterprise,1876,394,47487.49,202587.41,202646.54,226646.70,1.74
1021,enterprise,2004,106,50906.95,217023.86,217082.25,223379.10,0.47
995,enterprise,1981,232,49650.04,210951.35,211008.95,224818.65,1.03
1023,enterprise,2340,101,51249.99,217148.25,217206.94,223218.69,0.45
928,enterprise,2628,510,46497.72,196612.75,196675.81,228623.90,2.23
1026,enterprise,3280,120,51499.97,217294.93,217357.32,224727.22,0.53
986,pro,1379,300,49183.08,209067.29,209127.86,227527.37,1.32
945,enterprise,616,471,47309.42,200141.91,200205.77,229522.28,2.05
1033,free,3143,74,51723.80,220761.89,220823.57,225210.80,0.33
948,enterprise,1102,459,47382.23,201803.12,201867.24,229612.86,2.00
1035,enterprise,3564,71,51954.42,220693.52,220757.06,225230.24,0.32
944,enterprise,3058,482,47212.52,200174.08,200238.81,230242.06,2.09
1042,enterprise,2222,72,52286.80,221191.46,221251.04,225530.23,0.32
1015,enterprise,1175,179,50748.00,215952.53,216015.39,227264.28,0.79
950,enterprise,3254,477,47450.34,201799.13,201864.57,230720.12,2.07
1006,enterprise,1186,233,50155.70,213812.79,213873.69,228021.17,1.02
1018,enterprise,1540,178,50858.72,216476.07,216538.29,227318.15,0.78
1041,enterprise,3778,86,52270.83,221207.42,221267.00,226387.16,0.38
999,enterprise,3432,272,49747.54,212346.83,212406.39,229142.56,1.19
1038,enterprise,1207,96,52160.60,221017.36,221078.04,226912.88,0.42
993,enterprise,1010,301,49589.62,210545.18,210607.32,229504.29,1.31
1005,enterprise,2167,257,49987.10,213546.55,213608.64,229198.47,1.12
960,enterprise,601,446,47867.49,204696.13,204759.96,231521.17,1.93
1008,pro,2743,261,50344.33,213722.24,213783.39,229925.46,1.14
1004,enterprise,2948,278,49935.93,213471.06,213530.97,230715.40,1.20
1024,enterprise,2698,203,51460.48,217113.87,217172.73,229434.29,0.88
1027,enterprise,1330,186,51573.50,217718.59,217781.27,229508.81,0.81
983,enterprise,3414,385,49108.06,208301.41,208365.08,232628.80,1.65
1029,pro,4056,190,51592.54,218133.74,218195.60,230209.99,0.83
1047,enterprise,2355,121,52472.36,221996.32,222056.26,229429.20,0.53
972,enterprise,2554,415,48458.46,207535.13,207599.48,233795.97,1.78
966,enterprise,2887,442,48227.69,206111.13,206174.37,234091.68,1.89
1017,enterprise,3106,261,50826.13,216260.89,216322.81,231997.56,1.13
967,enterprise,4071,458,48237.20,206228.10,206291.81,235222.10,1.95
1052,enterprise,3655,113,52778.92,224052.78,224115.02,231199.31,0.49
973,enterprise,956,463,48501.16,207548.75,207608.51,235655.05,1.96
969,enterprise,1191,472,48255.87,206719.36,206782.93,236573.15,2.00
994,enterprise,1880,402,49616.34,210972.08,211034.84,235295.75,1.71
1054,enterprise,3598,132,52910.51,224084.58,224146.35,232324.12,0.57
984,enterprise,1059,449,49120.53,208569.43,208631.66,236423.44,1.90
1019,enterprise,3718,312,50865.54,216469.25,216531.48,235145.93,1.33
989,enterprise,2425,444,49240.20,209953.53,210012.07,236869.11,1.87
1076,enterprise,610,67,54195.56,228123.81,228187.05,232329.28,0.29
987,free,1240,470,49209.46,209219.78,209278.53,237707.95,1.98
977,enterprise,3888,493,48812.71,207540.09,207603.73,238171.42,2.07
1046,enterprise,3488,220,52464.60,221821.45,221882.32,235459.45,0.93
985,enterprise,2587,504,49161.36,208878.11,208939.76,239244.79,2.11
1044,enterprise,1601,235,52356.08,221690.05,221750.01,236246.74,0.99
1022,enterprise,1650,349,50997.18,216960.28,217021.22,237688.57,1.47
1001,enterprise,2640,446,49860.62,212614.87,212678.38,239271.56,1.86
1011,enterprise,1744,383,50593.79,214341.07,214403.59,238663.55,1.60
1074,enterprise,1866,119,54098.79,227802.78,227865.40,235243.94,0.51
1045,enterprise,2884,266,52436.71,221697.48,221757.55,237242.99,1.12
1012,enterprise,2851,395,50604.03,214564.89,214627.12,239177.50,1.65
1003,enterprise,728,453,49897.91,212958.80,213020.29,239946.11,1.89
1053,enterprise,3431,211,52816.26,224118.34,224178.83,237272.67,0.89
998,enterprise,637,458,49696.51,212098.21,212158.13,240503.38,1.90
1007,enterprise,2519,416,50267.09,213739.26,213800.99,240161.60,1.73
1034,enterprise,712,291,51888.45,220658.92,220718.35,238632.20,1.22
1037,enterprise,3956,288,52106.57,220619.12,220679.04,238414.08,1.21
1014,enterprise,2467,395,50652.57,216031.80,216091.54,240239.32,1.64
992,enterprise,3771,494,49447.60,210244.60,210307.80,241572.96,2.04
1030,enterprise,3965,342,51624.78,218601.61,218662.49,239692.50,1.43
1075,enterprise,3509,147,54176.44,228077.99,228142.93,237487.83,0.62
1032,enterprise,730,332,51670.86,219627.51,219690.28,240229.82,1.38
1016,enterprise,679,407,50825.83,216157.34,216216.63,241085.52,1.69
1040,enterprise,1269,333,52205.02,221030.47,221091.15,240349.89,1.39
1072,enterprise,4068,173,53930.61,227806.24,227871.92,238880.45,0.72
1049,enterprise,3902,285,52514.67,222606.95,222668.28,240311.43,1.19
1062,enterprise,1298,252,53532.73,225125.25,225183.83,239525.98,1.05
1082,enterprise,1574,147,54415.69,230496.40,230554.17,238754.83,0.62
1048,enterprise,775,304,52476.24,221992.45,222052.39,240757.23,1.26
1050,enterprise,1573,281,52564.02,223663.17,223723.54,241125.72,1.17
1099,enterprise,1651,76,55042.62,234801.39,234856.48,239027.58,0.32
1081,enterprise,2148,156,54299.96,230529.06,230591.74,240484.93,0.65
1073,enterprise,2389,207,54043.14,227759.39,227823.91,240928.43,0.86
1068,enterprise,3805,243,53742.50,226527.29,226590.86,241600.67,1.01
1066,enterprise,1950,284,53681.73,225503.85,225562.22,241712.40,1.17
1025,enterprise,3358,423,51471.01,217182.96,217246.73,244057.44,1.73
1055,enterprise,2589,288,53038.58,224146.08,224209.68,242489.88,1.19
1067,enterprise,3645,268,53700.30,225688.37,225751.01,242326.96,1.11
1058,enterprise,1052,284,53277.02,224735.27,224798.81,242788.13,1.17
1031,enterprise,2351,398,51640.82,219200.50,219262.66,244485.12,1.63
1064,enterprise,4069,290,53637.15,225436.33,225499.20,243397.22,1.19
1092,enterprise,1575,139,54651.97,233950.85,234012.45,242491.83,0.57
1087,enterprise,3727,183,54580.10,231944.74,232009.60,243457.63,0.75
1083,enterprise,2536,208,54461.84,230772.79,230835.20,243621.76,0.85
1036,enterprise,2308,415,52005.72,220675.83,220737.85,246278.64,1.69
1094,enterprise,1260,167,54746.07,234386.11,234440.82,243789.35,0.69
1060,enterprise,582,359,53368.36,224808.51,224868.62,245338.56,1.46
1057,pro,1117,374,53214.07,224602.96,224662.90,246023.79,1.52
1070,enterprise,2853,304,53758.85,227135.92,227198.77,246017.78,1.24
1102,enterprise,3820,159,55116.71,235311.97,235377.70,245011.85,0.65
1114,enterprise,1341,125,55933.97,237124.75,237180.65,244302.32,0.51
1125,enterprise,3322,70,56446.76,239580.50,239642.44,243962.47,0.29
1088,enterprise,2684,221,54591.40,232326.01,232388.85,246003.45,0.90
1028,enterprise,1103,511,51578.94,217838.53,217900.27,249801.67,2.05
1105,enterprise,996,173,55398.67,235493.21,235553.95,246170.17,0.70
1090,enterprise,1559,224,54622.79,233301.25,233362.91,247129.70,0.91
1039,enterprise,2630,498,52160.64,221074.84,221135.52,249949.81,1.99
1101,enterprise,2380,197,55107.92,235091.97,235152.57,247032.56,0.80
1109,pro,2241,171,55768.60,236132.08,236193.70,246556.85,0.69
1051,enterprise,1941,418,52589.85,224120.61,224181.22,250007.06,1.67
1085,enterprise,2189,301,54566.62,231444.85,231501.66,248681.20,1.21
1116,enterprise,3725,159,56061.16,237172.30,237234.16,247537.41,0.64
1106,enterprise,1886,203,55497.27,235523.28,235587.61,248248.12,0.82
1077,enterprise,1497,366,54240.87,228582.82,228640.64,249585.72,1.47
1118,enterprise,3546,167,56080.61,237989.60,238047.05,247745.98,0.67
1084,enterprise,1101,293,54491.93,231052.04,231114.54,249433.62,1.17
1061,enterprise,2708,467,53400.63,224776.24,224836.35,251598.03,1.86
1080,enterprise,1465,365,54273.12,229883.09,229941.17,250725.53,1.46
1065,enterprise,1754,407,53663.68,225430.23,225494.22,251659.81,1.62
1043,free,1940,498,52348.71,221497.19,221557.84,253144.22,1.97
1133,free,1047,124,56830.58,241704.84,241762.00,248804.71,0.50
1063,enterprise,1433,420,53564.38,225325.72,225386.84,252269.26,1.66
1078,enterprise,2497,347,54249.09,229210.21,229272.36,251760.59,1.38
1059,pro,1898,430,53359.65,224810.81,224871.62,252758.94,1.70
1056,enterprise,3479,450,53149.17,224305.41,224367.71,253268.59,1.78
1128,enterprise,2564,140,56630.58,240403.79,240463.21,250272.81,0.56
1097,enterprise,3075,320,54906.34,234773.37,234828.13,252611.29,1.27
1115,enterprise,2100,258,56045.53,237124.99,237181.15,251517.40,1.03
1148,enterprise,3726,65,57775.20,244346.90,244439.11,250196.43,0.26
1175,enterprise,1391,68,59130.44,243003.93,243093.34,248887.35,0.27
1154,enterprise,1282,66,57983.57,244138.54,244230.75,250073.92,0.26
1079,enterprise,994,378,54264.84,229713.38,229775.89,254612.85,1.48
1181,enterprise,3160,80,59446.04,242694.44,242786.92,249431.66,0.32
1158,enterprise,1849,76,58160.22,243961.89,244054.10,250739.65,0.30
1159,enterprise,2784,76,58183.63,243938.47,244030.68,250716.24,0.30
1182,enterprise,3054,91,59455.34,242685.14,242777.62,250250.02,0.36
1170,enterprise,1909,90,58770.62,243363.75,243453.17,251053.88,0.36
1104,enterprise,1822,278,55253.29,235267.36,235329.21,254770.92,1.09
1089,enterprise,945,348,54611.82,232372.31,232432.90,255604.59,1.36
1119,pro,2892,220,56118.33,238666.56,238728.78,254107.68,0.87
1160,enterprise,692,97,58231.14,243890.97,243983.18,252342.65,0.38
1107,enterprise,1989,273,55569.14,235748.14,235807.50,255081.84,1.07
1138,enterprise,3843,222,57237.14,242999.15,243059.46,254117.35,0.87
1157,enterprise,1892,108,58094.56,244027.55,244119.75,253309.70,0.43
1178,enterprise,1408,116,59166.61,242973.86,243066.34,252339.72,0.46
1121,enterprise,2267,232,56226.47,239116.70,239176.96,255490.59,0.91
1069,enterprise,3385,470,53755.83,226895.50,226959.22,258029.51,1.82
1166,enterprise,3168,118,58451.12,243683.25,243772.67,253570.46,0.47
1095,enterprise,1672,334,54883.76,234373.58,234438.57,257440.76,1.30
1140,enterprise,1157,150,57459.41,243135.44,243196.24,255197.10,0.59
1098,enterprise,1144,339,54916.29,234865.24,234924.98,257853.36,1.31
1086,enterprise,2148,387,54567.89,231541.41,231603.52,258305.56,1.50
1146,enterprise,2112,132,57744.91,244377.20,244469.41,255409.96,0.52
1091,enterprise,961,483,54649.13,233757.02,233812.92,258772.78,1.87
1123,enterprise,1388,251,56414.75,239113.70,239173.30,257091.61,0.98
1137,enterprise,1647,176,57217.42,242911.15,242967.95,256505.42,0.69
1191,enterprise,677,150,59929.44,242211.04,242303.52,253805.48,0.59
1122,enterprise,894,372,56234.28,239159.85,239216.69,257736.21,1.44
1093,enterprise,1709,496,54672.46,234013.29,234069.05,259454.81,1.91
1111,enterprise,2185,431,55818.35,236736.56,236792.50,258497.83,1.67
1071,enterprise,3288,493,53902.99,227179.31,227244.72,260664.24,1.89
1096,enterprise,2633,362,54893.08,234449.65,234511.78,259840.54,1.39
1180,enterprise,2719,171,59430.74,242709.74,242802.22,255639.86,0.67
1110,enterprise,1931,340,55800.60,236110.75,236170.75,260265.49,1.31
1136,enterprise,3751,216,57112.59,242664.03,242727.25,259148.26,0.83
1124,enterprise,1537,292,56433.76,239094.69,239154.28,259895.69,1.12
1144,enterprise,1775,332,57624.47,244485.98,244545.76,259047.14,1.28
1143,enterprise,2337,194,57616.26,244136.22,244197.80,259265.82,0.75
1155,pro,535,204,58013.90,244108.21,244200.41,259832.09,0.79
1113,enterprise,3947,372,55840.58,236985.51,237047.13,262134.52,1.42
1186,enterprise,3937,219,59638.51,242501.97,242594.45,258395.48,0.85
1149,enterprise,2488,216,57797.62,244324.49,244416.70,260764.36,0.83
1127,enterprise,792,324,56568.80,239557.14,239616.73,262543.08,1.23
1131,enterprise,2489,292,56773.12,241310.48,241373.06,262424.18,1.11
1126,enterprise,3126,329,56526.89,239538.26,239599.06,262845.08,1.25
1168,enterprise,1075,225,58690.88,243443.49,243532.90,260681.09,0.86
1172,enterprise,4090,226,59076.73,243057.63,243147.05,260356.08,0.87
1108,enterprise,2375,402,55745.17,235919.09,235982.72,263745.16,1.52
1134,enterprise,3768,473,56868.94,241837.98,241896.93,262861.54,1.80
1135,enterprise,863,472,56913.40,242324.46,242383.11,262979.51,1.79
1153,enterprise,3843,249,57978.35,244143.76,244235.96,262447.41,0.95
1179,enterprise,1119,264,59292.88,242847.59,242940.07,261257.02,1.01
1100,pro,2675,452,55085.53,235003.40,235065.04,265761.99,1.70
1150,enterprise,1793,258,57799.66,244322.45,244414.66,263098.08,0.98
1174,enterprise,3338,261,59126.15,243008.22,243097.64,262241.43,1.00
1188,enterprise,1464,282,59711.11,242429.37,242521.85,261831.79,1.08
1129,enterprise,2448,357,56676.43,240467.37,240529.95,265149.22,1.35
1194,enterprise,2011,71,59997.33,259895.59,259922.70,261845.25,0.27
1184,enterprise,3496,290,59467.23,242673.25,242765.73,262508.45,1.10
1141,enterprise,3046,297,57484.64,243895.97,243953.89,265087.75,1.12
1103,enterprise,3638,487,55128.45,235392.20,235454.05,267726.33,1.82
1117,enterprise,804,455,56076.36,237613.38,237674.49,267179.06,1.70
1176,enterprise,2200,306,59147.76,242986.60,243076.02,264514.46,1.16
1185,enterprise,1513,326,59497.09,242643.38,242735.86,264318.18,1.23
1145,enterprise,1787,327,57657.72,244464.39,244556.59,266396.44,1.23
1151,enterprise,3124,327,57839.69,244282.42,244374.62,266214.47,1.23
1189,enterprise,2086,336,59727.80,242412.68,242505.16,264589.44,1.27
1130,pro,703,405,56719.78,241317.95,241375.85,268265.53,1.51
1192,enterprise,3498,354,59939.94,242200.54,242293.02,265260.29,1.33
1139,enterprise,1067,388,57421.93,242987.30,243049.16,267873.10,1.45
1112,enterprise,596,498,55836.95,236974.11,237035.63,269471.02,1.85
1120,enterprise,1941,494,56206.23,238765.34,238827.18,270499.93,1.83
1169,enterprise,2430,386,58707.78,243426.58,243516.00,268598.61,1.44
1156,enterprise,2884,419,58074.47,244047.64,244139.85,269469.50,1.55
1162,enterprise,1300,395,58298.29,243836.08,243925.50,269367.77,1.47
1165,pro,2500,401,58445.17,243689.20,243778.61,269450.88,1.49
1171,enterprise,3525,413,58988.87,243145.50,243234.91,269324.96,1.53
1173,enterprise,663,418,59093.81,243040.55,243129.97,269363.02,1.55
1152,enterprise,2124,450,57876.62,244245.49,244337.70,270722.28,1.66
1163,enterprise,1895,424,58376.07,243758.30,243847.71,270244.92,1.57
1132,enterprise,3209,493,56801.49,241482.86,241542.80,271858.11,1.81
1164,enterprise,521,428,58441.42,243692.94,243782.36,270269.48,1.58
1161,enterprise,1081,435,58297.63,243836.73,243926.15,270564.05,1.61
1193,enterprise,2873,434,59953.05,242187.43,242279.90,268921.66,1.61
1142,enterprise,1557,482,57558.67,244010.18,244071.38,271753.79,1.77
1167,enterprise,565,490,58484.81,243649.56,243738.98,271326.73,1.81
1147,enterprise,1917,508,57755.00,244367.11,244459.31,272644.91,1.86
1177,enterprise,1687,476,59156.58,242983.89,243076.37,271398.24,1.75
1187,enterprise,851,484,59705.20,242435.28,242527.76,271170.54,1.78
1190,enterprise,3399,499,59824.12,242316.36,242408.84,271743.65,1.84
1183,enterprise,3046,509,59455.74,242684.74,242777.21,272536.97,1.87
